"DateTime","Average USD","Active market wallets"
"2017-06-23 00:00:00",53.7,8
"2017-06-24 00:00:00",59.09,17
"2017-06-25 00:00:00",39.81,10
"2017-06-26 00:00:00",30.33,14
"2017-06-27 00:00:00",63.42,22
"2017-06-28 00:00:00",83.15,11
"2017-06-29 00:00:00",57.52,20
"2017-06-30 00:00:00",81.34,13
"2017-07-01 00:00:00",314.08,13
"2017-07-02 00:00:00",94.34,21
"2017-07-03 00:00:00",142.15,24
"2017-07-04 00:00:00",232.86,28
"2017-07-05 00:00:00",102.24,12
"2017-07-06 00:00:00",305.31,15
"2017-07-07 00:00:00",191.42,19
"2017-07-08 00:00:00",107.6,18
"2017-07-09 00:00:00",80.76,16
"2017-07-10 00:00:00",288.83,22
"2017-07-11 00:00:00",132.78,20
"2017-07-12 00:00:00",104.63,17
"2017-07-13 00:00:00",171,24
"2017-07-14 00:00:00",64.06,6
"2017-07-15 00:00:00",109.94,7
"2017-07-16 00:00:00",106.4,4
"2017-07-17 00:00:00",290.44,7
"2017-07-18 00:00:00",97.39,17
"2017-07-19 00:00:00",110.86,12
"2017-07-20 00:00:00",112.03,10
"2017-07-21 00:00:00",101.67,12
"2017-07-22 00:00:00",80.37,13
"2017-07-23 00:00:00",70.28,9
"2017-07-24 00:00:00",75.12,18
"2017-07-25 00:00:00",221.18,12
"2017-07-26 00:00:00",62.9,7
"2017-07-27 00:00:00",55.88,4
"2017-07-28 00:00:00",74.8,8
"2017-07-29 00:00:00",125.85,7
"2017-07-30 00:00:00",92.44,10
"2017-07-31 00:00:00",106.73,4
"2017-08-01 00:00:00",54.5,4
"2017-08-02 00:00:00",525.74,2
"2017-08-03 00:00:00",219.04,16
"2017-08-04 00:00:00",0,0
"2017-08-05 00:00:00",759.47,2
"2017-08-06 00:00:00",0,0
"2017-08-07 00:00:00",76.52,2
"2017-08-08 00:00:00",199.52,8
"2017-08-09 00:00:00",89.12,4
"2017-08-10 00:00:00",90.52,4
"2017-08-11 00:00:00",82.42,10
"2017-08-12 00:00:00",61.09,9
"2017-08-13 00:00:00",115.04,8
"2017-08-14 00:00:00",167.96,6
"2017-08-15 00:00:00",65.22,5
"2017-08-16 00:00:00",105.01,3
"2017-08-17 00:00:00",75.14,2
"2017-08-18 00:00:00",88.83,2
"2017-08-19 00:00:00",118.65,2
"2017-08-20 00:00:00",162.34,2
"2017-08-21 00:00:00",99.08,9
"2017-08-22 00:00:00",87.41,2
"2017-08-23 00:00:00",77.61,4
"2017-08-24 00:00:00",0,0
"2017-08-25 00:00:00",85.55,6
"2017-08-26 00:00:00",98.96,2
"2017-08-27 00:00:00",0,0
"2017-08-28 00:00:00",127.32,10
"2017-08-29 00:00:00",91.7,2
"2017-08-30 00:00:00",87.15,4
"2017-08-31 00:00:00",103.39,2
"2017-09-01 00:00:00",101.22,5
"2017-09-02 00:00:00",23.09,4
"2017-09-03 00:00:00",0,0
"2017-09-04 00:00:00",104.9,4
"2017-09-05 00:00:00",0,0
"2017-09-06 00:00:00",0,0
"2017-09-07 00:00:00",0,0
"2017-09-08 00:00:00",76.12,2
"2017-09-09 00:00:00",0,0
"2017-09-10 00:00:00",67.34,3
"2017-09-11 00:00:00",69.67,4
"2017-09-12 00:00:00",40.68,2
"2017-09-13 00:00:00",0,0
"2017-09-14 00:00:00",0,0
"2017-09-15 00:00:00",0,0
"2017-09-16 00:00:00",70.99,2
"2017-09-17 00:00:00",66.86,3
"2017-09-18 00:00:00",63.35,2
"2017-09-19 00:00:00",94.65,5
"2017-09-20 00:00:00",124.25,5
"2017-09-21 00:00:00",52.14,8
"2017-09-22 00:00:00",71.14,2
"2017-09-23 00:00:00",60.89,4
"2017-09-24 00:00:00",56.14,2
"2017-09-25 00:00:00",0,0
"2017-09-26 00:00:00",0,0
"2017-09-27 00:00:00",105.75,6
"2017-09-28 00:00:00",36.2,2
"2017-09-29 00:00:00",44.91,9
"2017-09-30 00:00:00",16.05,6
"2017-10-01 00:00:00",449.51,2
"2017-10-02 00:00:00",0,0
"2017-10-03 00:00:00",0,0
"2017-10-04 00:00:00",58.61,2
"2017-10-05 00:00:00",0,0
"2017-10-06 00:00:00",0,0
"2017-10-07 00:00:00",0,0
"2017-10-08 00:00:00",93.04,2
"2017-10-09 00:00:00",26.63,2
"2017-10-10 00:00:00",0,0
"2017-10-11 00:00:00",66.71,2
"2017-10-12 00:00:00",39.26,2
"2017-10-13 00:00:00",88.71,8
"2017-10-14 00:00:00",63.71,3
"2017-10-15 00:00:00",59.25,4
"2017-10-16 00:00:00",89.63,3
"2017-10-17 00:00:00",0,0
"2017-10-18 00:00:00",0,0
"2017-10-19 00:00:00",27.76,2
"2017-10-20 00:00:00",96.75,2
"2017-10-21 00:00:00",78.18,2
"2017-10-22 00:00:00",0,0
"2017-10-23 00:00:00",0,0
"2017-10-24 00:00:00",0,0
"2017-10-25 00:00:00",44.77,2
"2017-10-26 00:00:00",38.42,5
"2017-10-27 00:00:00",29.79,3
"2017-10-28 00:00:00",29.65,3
"2017-10-29 00:00:00",21.26,2
"2017-10-30 00:00:00",72.48,6
"2017-10-31 00:00:00",36.93,5
"2017-11-01 00:00:00",27.77,3
"2017-11-02 00:00:00",37.32,4
"2017-11-03 00:00:00",0,0
"2017-11-04 00:00:00",29,4
"2017-11-05 00:00:00",0,0
"2017-11-06 00:00:00",0,0
"2017-11-07 00:00:00",265.71,2
"2017-11-08 00:00:00",0,0
"2017-11-09 00:00:00",74.14,2
"2017-11-10 00:00:00",0,0
"2017-11-11 00:00:00",0,0
"2017-11-12 00:00:00",91.11,2
"2017-11-13 00:00:00",31.53,4
"2017-11-14 00:00:00",67.79,2
"2017-11-15 00:00:00",68.53,4
"2017-11-16 00:00:00",0,0
"2017-11-17 00:00:00",0,0
"2017-11-18 00:00:00",0,0
"2017-11-19 00:00:00",35.34,2
"2017-11-20 00:00:00",36.58,4
"2017-11-21 00:00:00",2.65,29
"2017-11-22 00:00:00",17.56,23
"2017-11-23 00:00:00",2.88,83
"2017-11-24 00:00:00",1.79,145
"2017-11-25 00:00:00",0.97,129
"2017-11-26 00:00:00",1.65,104
"2017-11-27 00:00:00",2.03,115
"2017-11-28 00:00:00",2.91,255
"2017-11-29 00:00:00",5.7,608
"2017-11-30 00:00:00",2.81,760
"2017-12-01 00:00:00",4.58,991
"2017-12-02 00:00:00",21.14,1550
"2017-12-03 00:00:00",39.67,4080
"2017-12-04 00:00:00",68.88,6950
"2017-12-05 00:00:00",56.1,9735
"2017-12-06 00:00:00",58.98,8741
"2017-12-07 00:00:00",46.69,9729
"2017-12-08 00:00:00",47.1,11966
"2017-12-09 00:00:00",35.84,12705
"2017-12-10 00:00:00",26.22,12778
"2017-12-11 00:00:00",23.83,12063
"2017-12-12 00:00:00",21.53,10529
"2017-12-13 00:00:00",20.98,9606
"2017-12-14 00:00:00",19.26,8680
"2017-12-15 00:00:00",19.19,6782
"2017-12-16 00:00:00",21.65,6201
"2017-12-17 00:00:00",21.73,5251
"2017-12-18 00:00:00",17.75,5264
"2017-12-19 00:00:00",18.67,4315
"2017-12-20 00:00:00",16.38,6604
"2017-12-21 00:00:00",19.09,4647
"2017-12-22 00:00:00",15.74,3590
"2017-12-23 00:00:00",13.37,3442
"2017-12-24 00:00:00",12.24,2839
"2017-12-25 00:00:00",14.29,2615
"2017-12-26 00:00:00",16.73,2333
"2017-12-27 00:00:00",13.2,2578
"2017-12-28 00:00:00",12.09,2424
"2017-12-29 00:00:00",13.56,2256
"2017-12-30 00:00:00",12.36,2111
"2017-12-31 00:00:00",14.84,1932
"2018-01-01 00:00:00",15.33,1889
"2018-01-02 00:00:00",15.94,2056
"2018-01-03 00:00:00",15.34,1601
"2018-01-04 00:00:00",22.87,1172
"2018-01-05 00:00:00",20.88,1188
"2018-01-06 00:00:00",29.33,1455
"2018-01-07 00:00:00",20.23,1496
"2018-01-08 00:00:00",23.08,1249
"2018-01-09 00:00:00",31.53,1018
"2018-01-10 00:00:00",39.22,814
"2018-01-11 00:00:00",25.55,1059
"2018-01-12 00:00:00",25.09,1209
"2018-01-13 00:00:00",24.89,1069
"2018-01-14 00:00:00",29.12,1036
"2018-01-15 00:00:00",27.34,878
"2018-01-16 00:00:00",27.39,882
"2018-01-17 00:00:00",20.09,865
"2018-01-18 00:00:00",19.14,1007
"2018-01-19 00:00:00",23.99,1016
"2018-01-20 00:00:00",49.37,913
"2018-01-21 00:00:00",20.87,937
"2018-01-22 00:00:00",12.84,1051
"2018-01-23 00:00:00",14.08,1036
"2018-01-24 00:00:00",17.63,865
"2018-01-25 00:00:00",17.43,837
"2018-01-26 00:00:00",20.03,859
"2018-01-27 00:00:00",17.44,886
"2018-01-28 00:00:00",27.62,803
"2018-01-29 00:00:00",19.85,843
"2018-01-30 00:00:00",19.14,797
"2018-01-31 00:00:00",29.87,863
"2018-02-01 00:00:00",16.43,676
"2018-02-02 00:00:00",20.21,718
"2018-02-03 00:00:00",15.61,662
"2018-02-04 00:00:00",15.34,624
"2018-02-05 00:00:00",12.86,706
"2018-02-06 00:00:00",10.7,822
"2018-02-07 00:00:00",12.35,879
"2018-02-08 00:00:00",12.36,846
"2018-02-09 00:00:00",17.09,850
"2018-02-10 00:00:00",32.1,796
"2018-02-11 00:00:00",19.13,928
"2018-02-12 00:00:00",17.77,880
"2018-02-13 00:00:00",25.9,978
"2018-02-14 00:00:00",67.91,1519
"2018-02-15 00:00:00",120.05,1418
"2018-02-16 00:00:00",31.41,1174
"2018-02-17 00:00:00",37.56,1013
"2018-02-18 00:00:00",39.3,1055
"2018-02-19 00:00:00",39.31,1017
"2018-02-20 00:00:00",59.09,967
"2018-02-21 00:00:00",22.86,942
"2018-02-22 00:00:00",20.44,912
"2018-02-23 00:00:00",28.13,928
"2018-02-24 00:00:00",20.1,1054
"2018-02-25 00:00:00",13.3,872
"2018-02-26 00:00:00",19.55,890
"2018-02-27 00:00:00",19.6,1131
"2018-02-28 00:00:00",16.06,939
"2018-03-01 00:00:00",15.4,858
"2018-03-02 00:00:00",17.84,800
"2018-03-03 00:00:00",19.05,734
"2018-03-04 00:00:00",42.2,911
"2018-03-05 00:00:00",30.83,823
"2018-03-06 00:00:00",31.79,882
"2018-03-07 00:00:00",35.15,1087
"2018-03-08 00:00:00",15.06,1054
"2018-03-09 00:00:00",15.18,998
"2018-03-10 00:00:00",10.6,774
"2018-03-11 00:00:00",14.89,803
"2018-03-12 00:00:00",14.41,1264
"2018-03-13 00:00:00",16.94,769
"2018-03-14 00:00:00",12.77,794
"2018-03-15 00:00:00",10.27,732
"2018-03-16 00:00:00",15.02,710
"2018-03-17 00:00:00",13.53,688
"2018-03-18 00:00:00",14.11,679
"2018-03-19 00:00:00",16.84,867
"2018-03-20 00:00:00",71.14,930
"2018-03-21 00:00:00",77.68,1027
"2018-03-22 00:00:00",41.5,1014
"2018-03-23 00:00:00",94.2,1069
"2018-03-24 00:00:00",37.56,940
"2018-03-25 00:00:00",18.14,848
"2018-03-26 00:00:00",31.95,853
"2018-03-27 00:00:00",31.14,932
"2018-03-28 00:00:00",53.17,849
"2018-03-29 00:00:00",23.7,831
"2018-03-30 00:00:00",37.71,866
"2018-03-31 00:00:00",25.93,856
"2018-04-01 00:00:00",26.31,800
"2018-04-02 00:00:00",19.6,858
"2018-04-03 00:00:00",24.25,850
"2018-04-04 00:00:00",17.1,794
"2018-04-05 00:00:00",23.21,825
"2018-04-06 00:00:00",18.08,948
"2018-04-07 00:00:00",15.5,852
"2018-04-08 00:00:00",9.49,892
"2018-04-09 00:00:00",9.19,865
"2018-04-10 00:00:00",16.26,781
"2018-04-11 00:00:00",20.59,839
"2018-04-12 00:00:00",14.91,795
"2018-04-13 00:00:00",15.04,873
"2018-04-14 00:00:00",17.63,811
"2018-04-15 00:00:00",23.29,759
"2018-04-16 00:00:00",16.3,831
"2018-04-17 00:00:00",16.71,775
"2018-04-18 00:00:00",16.13,705
"2018-04-19 00:00:00",15.57,728
"2018-04-20 00:00:00",12.33,717
"2018-04-21 00:00:00",17.98,690
"2018-04-22 00:00:00",27.83,637
"2018-04-23 00:00:00",85.44,766
"2018-04-24 00:00:00",37.38,728
"2018-04-25 00:00:00",41.43,672
"2018-04-26 00:00:00",34.22,625
"2018-04-27 00:00:00",18.23,696
"2018-04-28 00:00:00",11.69,612
"2018-04-29 00:00:00",10.18,658
"2018-04-30 00:00:00",33.14,703
"2018-05-01 00:00:00",31.95,679
"2018-05-02 00:00:00",47.03,604
"2018-05-03 00:00:00",41.07,561
"2018-05-04 00:00:00",30.49,653
"2018-05-05 00:00:00",25.39,578
"2018-05-06 00:00:00",21.95,661
"2018-05-07 00:00:00",21.52,661
"2018-05-08 00:00:00",21.74,736
"2018-05-09 00:00:00",24.14,596
"2018-05-10 00:00:00",26.36,593
"2018-05-11 00:00:00",29.23,543
"2018-05-12 00:00:00",17.04,555
"2018-05-13 00:00:00",24.96,542
"2018-05-14 00:00:00",20.6,479
"2018-05-15 00:00:00",16.16,528
"2018-05-16 00:00:00",17.99,634
"2018-05-17 00:00:00",13.5,552
"2018-05-18 00:00:00",15.45,501
"2018-05-19 00:00:00",12.36,515
"2018-05-20 00:00:00",20.25,545
"2018-05-21 00:00:00",17.29,533
"2018-05-22 00:00:00",16.83,528
"2018-05-23 00:00:00",16.79,472
"2018-05-24 00:00:00",14.33,758
"2018-05-25 00:00:00",23.1,838
"2018-05-26 00:00:00",18.15,748
"2018-05-27 00:00:00",14.51,752
"2018-05-28 00:00:00",23.7,626
"2018-05-29 00:00:00",12.61,643
"2018-05-30 00:00:00",13.49,705
"2018-05-31 00:00:00",13.42,672
"2018-06-01 00:00:00",12.05,708
"2018-06-02 00:00:00",16.68,606
"2018-06-03 00:00:00",25.52,570
"2018-06-04 00:00:00",23.14,587
"2018-06-05 00:00:00",22.73,556
"2018-06-06 00:00:00",27.35,612
"2018-06-07 00:00:00",29.7,584
"2018-06-08 00:00:00",33.4,579
"2018-06-09 00:00:00",13.14,540
"2018-06-10 00:00:00",19.87,520
"2018-06-11 00:00:00",12.9,630
"2018-06-12 00:00:00",13.21,662
"2018-06-13 00:00:00",23.49,684
"2018-06-14 00:00:00",24.35,539
"2018-06-15 00:00:00",9.63,615
"2018-06-16 00:00:00",12.23,502
"2018-06-17 00:00:00",25.4,602
"2018-06-18 00:00:00",37.53,715
"2018-06-19 00:00:00",36.51,705
"2018-06-20 00:00:00",24.34,646
"2018-06-21 00:00:00",24.22,732
"2018-06-22 00:00:00",11.65,717
"2018-06-23 00:00:00",16.75,590
"2018-06-24 00:00:00",18.41,564
"2018-06-25 00:00:00",18.2,567
"2018-06-26 00:00:00",17.68,584
"2018-06-27 00:00:00",16.03,658
"2018-06-28 00:00:00",16.14,626
"2018-06-29 00:00:00",18.8,722
"2018-06-30 00:00:00",15.4,546
"2018-07-01 00:00:00",15.24,380
"2018-07-02 00:00:00",26.07,267
"2018-07-03 00:00:00",50.72,278
"2018-07-04 00:00:00",139.07,295
"2018-07-05 00:00:00",35.34,366
"2018-07-06 00:00:00",13.58,297
"2018-07-07 00:00:00",14,272
"2018-07-08 00:00:00",12.63,441
"2018-07-09 00:00:00",13.29,519
"2018-07-10 00:00:00",15.72,480
"2018-07-11 00:00:00",16.79,612
"2018-07-12 00:00:00",15.06,566
"2018-07-13 00:00:00",12.48,581
"2018-07-14 00:00:00",11.96,315
"2018-07-15 00:00:00",23.27,419
"2018-07-16 00:00:00",25.93,546
"2018-07-17 00:00:00",22.51,623
"2018-07-18 00:00:00",26.23,553
"2018-07-19 00:00:00",16.99,560
"2018-07-20 00:00:00",15.57,620
"2018-07-21 00:00:00",13.59,541
"2018-07-22 00:00:00",25.23,566
"2018-07-23 00:00:00",19.79,629
"2018-07-24 00:00:00",28.25,654
"2018-07-25 00:00:00",17.15,603
"2018-07-26 00:00:00",13.14,707
"2018-07-27 00:00:00",101.67,725
"2018-07-28 00:00:00",295.09,586
"2018-07-29 00:00:00",14.01,563
"2018-07-30 00:00:00",96.75,588
"2018-07-31 00:00:00",46.54,594
"2018-08-01 00:00:00",13.48,578
"2018-08-02 00:00:00",100.24,730
"2018-08-03 00:00:00",26.59,658
"2018-08-04 00:00:00",27.1,662
"2018-08-05 00:00:00",32.78,644
"2018-08-06 00:00:00",27.95,666
"2018-08-07 00:00:00",38.34,617
"2018-08-08 00:00:00",23.28,406
"2018-08-09 00:00:00",23.99,431
"2018-08-10 00:00:00",14.63,493
"2018-08-11 00:00:00",11.22,535
"2018-08-12 00:00:00",10.7,592
"2018-08-13 00:00:00",13.19,730
"2018-08-14 00:00:00",24.09,794
"2018-08-15 00:00:00",19.6,810
"2018-08-16 00:00:00",14.13,824
"2018-08-17 00:00:00",11.43,808
"2018-08-18 00:00:00",14.85,893
"2018-08-19 00:00:00",10.95,757
"2018-08-20 00:00:00",13.72,792
"2018-08-21 00:00:00",23.03,863
"2018-08-22 00:00:00",19.86,696
"2018-08-23 00:00:00",23.9,816
"2018-08-24 00:00:00",17.88,905
"2018-08-25 00:00:00",32.56,826
"2018-08-26 00:00:00",13.06,757
"2018-08-27 00:00:00",12.73,808
"2018-08-28 00:00:00",18.89,887
"2018-08-29 00:00:00",13.81,860
"2018-08-30 00:00:00",8.09,936
"2018-08-31 00:00:00",7.78,902
"2018-09-01 00:00:00",8.34,922
"2018-09-02 00:00:00",9.35,894
"2018-09-03 00:00:00",10.33,866
"2018-09-04 00:00:00",45.41,902
"2018-09-05 00:00:00",16.93,972
"2018-09-06 00:00:00",7.12,1093
"2018-09-07 00:00:00",9.52,1083
"2018-09-08 00:00:00",16.15,999
"2018-09-09 00:00:00",9.65,1024
"2018-09-10 00:00:00",18.7,995
"2018-09-11 00:00:00",7.44,1024
"2018-09-12 00:00:00",16.94,1128
"2018-09-13 00:00:00",37.06,1078
"2018-09-14 00:00:00",31.37,992
"2018-09-15 00:00:00",27.52,898
"2018-09-16 00:00:00",54.56,904
"2018-09-17 00:00:00",17.94,911
"2018-09-18 00:00:00",20.78,1009
"2018-09-19 00:00:00",21.72,920
"2018-09-20 00:00:00",22.21,875
"2018-09-21 00:00:00",29.87,991
"2018-09-22 00:00:00",9.72,808
"2018-09-23 00:00:00",37.29,832
"2018-09-24 00:00:00",17.76,873
"2018-09-25 00:00:00",13.73,1079
"2018-09-26 00:00:00",14.41,1146
"2018-09-27 00:00:00",16.61,1309
"2018-09-28 00:00:00",13.57,1093
"2018-09-29 00:00:00",19.96,770
"2018-09-30 00:00:00",10.58,780
"2018-10-01 00:00:00",16.55,748
"2018-10-02 00:00:00",28.36,865
"2018-10-03 00:00:00",41.62,815
"2018-10-04 00:00:00",28.05,793
"2018-10-05 00:00:00",15.37,894
"2018-10-06 00:00:00",16.84,832
"2018-10-07 00:00:00",18.74,835
"2018-10-08 00:00:00",14.48,847
"2018-10-09 00:00:00",20.35,838
"2018-10-10 00:00:00",22.12,918
"2018-10-11 00:00:00",23.07,973
"2018-10-12 00:00:00",37.71,950
"2018-10-13 00:00:00",33.39,901
"2018-10-14 00:00:00",21.73,809
"2018-10-15 00:00:00",31.09,810
"2018-10-16 00:00:00",15.81,874
"2018-10-17 00:00:00",15.88,855
"2018-10-18 00:00:00",28,787
"2018-10-19 00:00:00",10.08,966
"2018-10-20 00:00:00",11.06,808
"2018-10-21 00:00:00",8.96,785
"2018-10-22 00:00:00",44.93,731
"2018-10-23 00:00:00",18.81,903
"2018-10-24 00:00:00",22.08,841
"2018-10-25 00:00:00",17.4,848
"2018-10-26 00:00:00",11.99,804
"2018-10-27 00:00:00",10.91,828
"2018-10-28 00:00:00",14.54,808
"2018-10-29 00:00:00",14.57,820
"2018-10-30 00:00:00",35.21,832
"2018-10-31 00:00:00",11.28,849
"2018-11-01 00:00:00",27.95,933
"2018-11-02 00:00:00",32.48,908
"2018-11-03 00:00:00",10.54,773
"2018-11-04 00:00:00",12.67,865
"2018-11-05 00:00:00",64.13,875
"2018-11-06 00:00:00",27.7,844
"2018-11-07 00:00:00",24.14,828
"2018-11-08 00:00:00",33.26,900
"2018-11-09 00:00:00",22.43,914
"2018-11-10 00:00:00",15.99,828
"2018-11-11 00:00:00",57.39,800
"2018-11-12 00:00:00",23.57,873
"2018-11-13 00:00:00",28.6,978
"2018-11-14 00:00:00",26.81,939
"2018-11-15 00:00:00",12.37,957
"2018-11-16 00:00:00",14.34,919
"2018-11-17 00:00:00",8.11,861
"2018-11-18 00:00:00",12.76,831
"2018-11-19 00:00:00",27.99,790
"2018-11-20 00:00:00",19.58,821
"2018-11-21 00:00:00",6.56,887
"2018-11-22 00:00:00",8.35,889
"2018-11-23 00:00:00",16.35,829
"2018-11-24 00:00:00",10.15,861
"2018-11-25 00:00:00",5.79,761
"2018-11-26 00:00:00",7.74,941
"2018-11-27 00:00:00",8.03,892
"2018-11-28 00:00:00",9.34,885
"2018-11-29 00:00:00",21.77,852
"2018-11-30 00:00:00",17.09,976
"2018-12-01 00:00:00",5.65,955
"2018-12-02 00:00:00",7.27,880
"2018-12-03 00:00:00",5.29,866
"2018-12-04 00:00:00",6.94,855
"2018-12-05 00:00:00",4.06,2652
"2018-12-06 00:00:00",6.02,916
"2018-12-07 00:00:00",5,959
"2018-12-08 00:00:00",16.4,1088
"2018-12-09 00:00:00",9.93,896
"2018-12-10 00:00:00",10.26,858
"2018-12-11 00:00:00",53.25,797
"2018-12-12 00:00:00",227.31,802
"2018-12-13 00:00:00",8.34,861
"2018-12-14 00:00:00",38.86,858
"2018-12-15 00:00:00",18.93,925
"2018-12-16 00:00:00",31.92,954
"2018-12-17 00:00:00",11.89,827
"2018-12-18 00:00:00",16.02,875
"2018-12-19 00:00:00",97.5,899
"2018-12-20 00:00:00",208.05,924
"2018-12-21 00:00:00",409.66,987
"2018-12-22 00:00:00",122.83,943
"2018-12-23 00:00:00",189.35,1161
"2018-12-24 00:00:00",16.81,826
"2018-12-25 00:00:00",20.65,762
"2018-12-26 00:00:00",8.96,786
"2018-12-27 00:00:00",9.8,807
"2018-12-28 00:00:00",19.89,901
"2018-12-29 00:00:00",8.14,794
"2018-12-30 00:00:00",17.83,732
"2018-12-31 00:00:00",18.26,782
"2019-01-01 00:00:00",8.37,757
"2019-01-02 00:00:00",11.05,779
"2019-01-03 00:00:00",16.78,878
"2019-01-04 00:00:00",19.06,899
"2019-01-05 00:00:00",11.11,793
"2019-01-06 00:00:00",270.01,818
"2019-01-07 00:00:00",11.78,752
"2019-01-08 00:00:00",23.6,815
"2019-01-09 00:00:00",17.68,811
"2019-01-10 00:00:00",12.43,885
"2019-01-11 00:00:00",7.15,1201
"2019-01-12 00:00:00",12.12,982
"2019-01-13 00:00:00",15.88,995
"2019-01-14 00:00:00",23.23,921
"2019-01-15 00:00:00",8.02,936
"2019-01-16 00:00:00",15.44,940
"2019-01-17 00:00:00",12.18,958
"2019-01-18 00:00:00",12.52,907
"2019-01-19 00:00:00",9.5,967
"2019-01-20 00:00:00",13.65,947
"2019-01-21 00:00:00",7.9,945
"2019-01-22 00:00:00",10.26,841
"2019-01-23 00:00:00",9.14,981
"2019-01-24 00:00:00",7.33,923
"2019-01-25 00:00:00",13.87,994
"2019-01-26 00:00:00",5.16,1053
"2019-01-27 00:00:00",8.86,1041
"2019-01-28 00:00:00",12.83,1234
"2019-01-29 00:00:00",7.84,1035
"2019-01-30 00:00:00",267.53,989
"2019-01-31 00:00:00",9.57,858
"2019-02-01 00:00:00",8.25,1049
"2019-02-02 00:00:00",9.05,948
"2019-02-03 00:00:00",8.61,1042
"2019-02-04 00:00:00",9.48,1002
"2019-02-05 00:00:00",18.62,987
"2019-02-06 00:00:00",21.43,942
"2019-02-07 00:00:00",12.72,1019
"2019-02-08 00:00:00",8.91,920
"2019-02-09 00:00:00",4.52,1099
"2019-02-10 00:00:00",9.39,1027
"2019-02-11 00:00:00",9.68,859
"2019-02-12 00:00:00",7.34,932
"2019-02-13 00:00:00",7.09,968
"2019-02-14 00:00:00",6.83,1013
"2019-02-15 00:00:00",9.61,1020
"2019-02-16 00:00:00",4.63,1171
"2019-02-17 00:00:00",11.76,1098
"2019-02-18 00:00:00",8.73,1043
"2019-02-19 00:00:00",21.37,921
"2019-02-20 00:00:00",14.89,1042
"2019-02-21 00:00:00",16.19,966
"2019-02-22 00:00:00",9.79,851
"2019-02-23 00:00:00",7.34,973
"2019-02-24 00:00:00",9.03,839
"2019-02-25 00:00:00",9.45,710
"2019-02-26 00:00:00",13.28,864
"2019-02-27 00:00:00",19.49,921
"2019-02-28 00:00:00",15.07,813
"2019-03-01 00:00:00",16.86,1082
"2019-03-02 00:00:00",17.33,1205
"2019-03-03 00:00:00",8.6,1122
"2019-03-04 00:00:00",16.84,1091
"2019-03-05 00:00:00",20.09,1135
"2019-03-06 00:00:00",14.19,1117
"2019-03-07 00:00:00",10.63,1103
"2019-03-08 00:00:00",11.74,1173
"2019-03-09 00:00:00",11.37,1107
"2019-03-10 00:00:00",16.18,1109
"2019-03-11 00:00:00",12.71,1060
"2019-03-12 00:00:00",24.27,1159
"2019-03-13 00:00:00",15.59,1062
"2019-03-14 00:00:00",18.76,1044
"2019-03-15 00:00:00",15.37,1074
"2019-03-16 00:00:00",8.48,1119
"2019-03-17 00:00:00",12.75,1103
"2019-03-18 00:00:00",12.46,1033
"2019-03-19 00:00:00",12.83,1076
"2019-03-20 00:00:00",13.44,1123
"2019-03-21 00:00:00",11.57,1139
"2019-03-22 00:00:00",11.07,1260
"2019-03-23 00:00:00",13.07,1197
"2019-03-24 00:00:00",14.61,1174
"2019-03-25 00:00:00",12.27,1278
"2019-03-26 00:00:00",16.88,1264
"2019-03-27 00:00:00",11.58,1224
"2019-03-28 00:00:00",27.8,1281
"2019-03-29 00:00:00",4.23,1427
"2019-03-30 00:00:00",7.43,1374
"2019-03-31 00:00:00",7.16,1277
"2019-04-01 00:00:00",12.28,1275
"2019-04-02 00:00:00",22.15,1247
"2019-04-03 00:00:00",16.45,928
"2019-04-04 00:00:00",24.27,1091
"2019-04-05 00:00:00",20.77,1117
"2019-04-06 00:00:00",13.23,1013
"2019-04-07 00:00:00",16.14,1097
"2019-04-08 00:00:00",22.86,1092
"2019-04-09 00:00:00",19.28,1075
"2019-04-10 00:00:00",15.39,1005
"2019-04-11 00:00:00",20.46,1031
"2019-04-12 00:00:00",20.33,1118
"2019-04-13 00:00:00",9.5,1092
"2019-04-14 00:00:00",6.55,1029
"2019-04-15 00:00:00",26.37,936
"2019-04-16 00:00:00",15.55,992
"2019-04-17 00:00:00",9.6,1068
"2019-04-18 00:00:00",10.61,1073
"2019-04-19 00:00:00",10.47,1052
"2019-04-20 00:00:00",9.95,1004
"2019-04-21 00:00:00",13.14,1043
"2019-04-22 00:00:00",10.78,952
"2019-04-23 00:00:00",13.13,969
"2019-04-24 00:00:00",26.73,1059
"2019-04-25 00:00:00",12.62,1007
"2019-04-26 00:00:00",15.8,932
"2019-04-27 00:00:00",16.8,995
"2019-04-28 00:00:00",10.38,1056
"2019-04-29 00:00:00",10.63,940
"2019-04-30 00:00:00",54.64,1044
"2019-05-01 00:00:00",8.58,1150
"2019-05-02 00:00:00",14.43,1064
"2019-05-03 00:00:00",12.09,997
"2019-05-04 00:00:00",9.05,1097
"2019-05-05 00:00:00",12.75,1144
"2019-05-06 00:00:00",10.7,1044
"2019-05-07 00:00:00",16.69,941
"2019-05-08 00:00:00",13.17,1132
"2019-05-09 00:00:00",10.22,1170
"2019-05-10 00:00:00",16.44,1204
"2019-05-11 00:00:00",6.84,1179
"2019-05-12 00:00:00",11.58,1075
"2019-05-13 00:00:00",15.61,1087
"2019-05-14 00:00:00",10.36,1152
"2019-05-15 00:00:00",29.22,980
"2019-05-16 00:00:00",21.92,844
"2019-05-17 00:00:00",38.18,858
"2019-05-18 00:00:00",19.57,988
"2019-05-19 00:00:00",14.26,1104
"2019-05-20 00:00:00",21.02,1030
"2019-05-21 00:00:00",27.35,1104
"2019-05-22 00:00:00",20.83,1052
"2019-05-23 00:00:00",21.97,1061
"2019-05-24 00:00:00",38.49,1152
"2019-05-25 00:00:00",16.66,1146
"2019-05-26 00:00:00",14.97,1306
"2019-05-27 00:00:00",41.68,1455
"2019-05-28 00:00:00",19.04,1095
"2019-05-29 00:00:00",14.64,1075
"2019-05-30 00:00:00",11.3,1231
"2019-05-31 00:00:00",18.54,1124
"2019-06-01 00:00:00",16.76,1024
"2019-06-02 00:00:00",22.69,1123
"2019-06-03 00:00:00",38.67,1230
"2019-06-04 00:00:00",17.51,987
"2019-06-05 00:00:00",17.67,1085
"2019-06-06 00:00:00",21.84,903
"2019-06-07 00:00:00",25.32,1241
"2019-06-08 00:00:00",12.3,879
"2019-06-09 00:00:00",10.15,1197
"2019-06-10 00:00:00",15.86,955
"2019-06-11 00:00:00",12.36,1070
"2019-06-12 00:00:00",17.97,1126
"2019-06-13 00:00:00",19.52,1277
"2019-06-14 00:00:00",19.34,1074
"2019-06-15 00:00:00",17.41,1021
"2019-06-16 00:00:00",18.27,1052
"2019-06-17 00:00:00",16.71,881
"2019-06-18 00:00:00",44.84,1059
"2019-06-19 00:00:00",38.93,1066
"2019-06-20 00:00:00",33.73,881
"2019-06-21 00:00:00",54.38,1117
"2019-06-22 00:00:00",31.19,1025
"2019-06-23 00:00:00",14.8,995
"2019-06-24 00:00:00",33.11,1061
"2019-06-25 00:00:00",16.62,813
"2019-06-26 00:00:00",27.38,833
"2019-06-27 00:00:00",24.56,773
"2019-06-28 00:00:00",25.39,675
"2019-06-29 00:00:00",24.8,772
"2019-06-30 00:00:00",19.88,712
"2019-07-01 00:00:00",16.75,655
"2019-07-02 00:00:00",20.26,626
"2019-07-03 00:00:00",20.7,716
"2019-07-04 00:00:00",23.55,893
"2019-07-05 00:00:00",24.18,786
"2019-07-06 00:00:00",9.66,877
"2019-07-07 00:00:00",18.53,876
"2019-07-08 00:00:00",20.61,790
"2019-07-09 00:00:00",22.56,937
"2019-07-10 00:00:00",33.64,975
"2019-07-11 00:00:00",31.23,772
"2019-07-12 00:00:00",15.11,931
"2019-07-13 00:00:00",15.39,899
"2019-07-14 00:00:00",20.16,822
"2019-07-15 00:00:00",28.49,834
"2019-07-16 00:00:00",42.6,490
"2019-07-17 00:00:00",22.89,866
"2019-07-18 00:00:00",13.62,921
"2019-07-19 00:00:00",9.32,870
"2019-07-20 00:00:00",7.63,891
"2019-07-21 00:00:00",7.77,916
"2019-07-22 00:00:00",10.55,793
"2019-07-23 00:00:00",9.03,861
"2019-07-24 00:00:00",9.02,813
"2019-07-25 00:00:00",9.54,739
"2019-07-26 00:00:00",8.12,965
"2019-07-27 00:00:00",8.7,826
"2019-07-28 00:00:00",8.63,846
"2019-07-29 00:00:00",13.26,869
"2019-07-30 00:00:00",8.77,869
"2019-07-31 00:00:00",14.83,893
"2019-08-01 00:00:00",22.97,804
"2019-08-02 00:00:00",11.63,797
"2019-08-03 00:00:00",11.08,884
"2019-08-04 00:00:00",10.04,934
"2019-08-05 00:00:00",9.71,897
"2019-08-06 00:00:00",16.92,811
"2019-08-07 00:00:00",13.21,953
"2019-08-08 00:00:00",14.42,906
"2019-08-09 00:00:00",14.96,891
"2019-08-10 00:00:00",10.22,790
"2019-08-11 00:00:00",10.02,862
"2019-08-12 00:00:00",44.56,915
"2019-08-13 00:00:00",16.47,936
"2019-08-14 00:00:00",13.59,938
"2019-08-15 00:00:00",13.44,894
"2019-08-16 00:00:00",16.83,859
"2019-08-17 00:00:00",6.31,1011
"2019-08-18 00:00:00",5.81,912
"2019-08-19 00:00:00",13.69,746
"2019-08-20 00:00:00",9,831
"2019-08-21 00:00:00",10.46,807
"2019-08-22 00:00:00",16.28,886
"2019-08-23 00:00:00",13.23,968
"2019-08-24 00:00:00",11.2,970
"2019-08-25 00:00:00",12.46,835
"2019-08-26 00:00:00",24.88,822
"2019-08-27 00:00:00",8.22,820
"2019-08-28 00:00:00",20.83,870
"2019-08-29 00:00:00",15.27,897
"2019-08-30 00:00:00",13.03,790
"2019-08-31 00:00:00",10.46,971
"2019-09-01 00:00:00",10.42,897
"2019-09-02 00:00:00",11.04,890
"2019-09-03 00:00:00",13,793
"2019-09-04 00:00:00",39.63,773
"2019-09-05 00:00:00",21.67,663
"2019-09-06 00:00:00",19.64,620
"2019-09-07 00:00:00",16.86,606
"2019-09-08 00:00:00",31.04,529
"2019-09-09 00:00:00",55,512
"2019-09-10 00:00:00",27.06,555
"2019-09-11 00:00:00",25.48,572
"2019-09-12 00:00:00",30.03,584
"2019-09-13 00:00:00",50.98,587
"2019-09-14 00:00:00",12.67,615
"2019-09-15 00:00:00",11.06,571
"2019-09-16 00:00:00",31.12,527
"2019-09-17 00:00:00",28.63,557
"2019-09-18 00:00:00",26.5,529
"2019-09-19 00:00:00",67.54,542
"2019-09-20 00:00:00",25.78,474
"2019-09-21 00:00:00",13.64,671
"2019-09-22 00:00:00",14.94,608
"2019-09-23 00:00:00",21.52,598
"2019-09-24 00:00:00",30.6,544
"2019-09-25 00:00:00",29.56,555
"2019-09-26 00:00:00",30.1,565
"2019-09-27 00:00:00",22.37,503
"2019-09-28 00:00:00",9.68,606
"2019-09-29 00:00:00",29.18,736
"2019-09-30 00:00:00",15.21,646
"2019-10-01 00:00:00",11.05,785
"2019-10-02 00:00:00",11.54,738
"2019-10-03 00:00:00",7.66,708
"2019-10-04 00:00:00",9.56,680
"2019-10-05 00:00:00",5.61,772
"2019-10-06 00:00:00",19.1,808
"2019-10-07 00:00:00",13.93,766
"2019-10-08 00:00:00",12.45,803
"2019-10-09 00:00:00",17.67,998
"2019-10-10 00:00:00",7.33,849
"2019-10-11 00:00:00",5.57,910
"2019-10-12 00:00:00",9.42,756
"2019-10-13 00:00:00",24.08,819
"2019-10-14 00:00:00",32.82,802
"2019-10-15 00:00:00",52.66,1081
"2019-10-16 00:00:00",51.54,1130
"2019-10-17 00:00:00",32.66,1071
"2019-10-18 00:00:00",30.69,1231
"2019-10-19 00:00:00",31.45,1144
"2019-10-20 00:00:00",31.98,2079
"2019-10-21 00:00:00",25.58,1030
"2019-10-22 00:00:00",27.24,1004
"2019-10-23 00:00:00",30.94,882
"2019-10-24 00:00:00",33.05,895
"2019-10-25 00:00:00",32.17,897
"2019-10-26 00:00:00",22.85,936
"2019-10-27 00:00:00",26.18,907
"2019-10-28 00:00:00",20.38,912
"2019-10-29 00:00:00",23.61,897
"2019-10-30 00:00:00",29.72,822
"2019-10-31 00:00:00",24.73,877
"2019-11-01 00:00:00",15.13,834
"2019-11-02 00:00:00",16.79,936
"2019-11-03 00:00:00",27.81,938
"2019-11-04 00:00:00",21.05,915
"2019-11-05 00:00:00",15.73,936
"2019-11-06 00:00:00",13.14,1047
"2019-11-07 00:00:00",12.58,1092
"2019-11-08 00:00:00",8.92,1069
"2019-11-09 00:00:00",7.61,1095
"2019-11-10 00:00:00",12.88,1211
"2019-11-11 00:00:00",22.93,1145
"2019-11-12 00:00:00",13.16,1135
"2019-11-13 00:00:00",10.97,1199
"2019-11-14 00:00:00",15.28,1082
"2019-11-15 00:00:00",8.79,914
"2019-11-16 00:00:00",7.49,1000
"2019-11-17 00:00:00",19.85,958
"2019-11-18 00:00:00",15.36,974
"2019-11-19 00:00:00",15.18,1173
"2019-11-20 00:00:00",15.43,1073
"2019-11-21 00:00:00",15.79,921
"2019-11-22 00:00:00",11.1,1559
"2019-11-23 00:00:00",5.87,1703
"2019-11-24 00:00:00",4.84,1608
"2019-11-25 00:00:00",8.06,1375
"2019-11-26 00:00:00",5.14,1382
"2019-11-27 00:00:00",8.01,1467
"2019-11-28 00:00:00",7.69,1386
"2019-11-29 00:00:00",5.22,1477
"2019-11-30 00:00:00",6.75,1587
"2019-12-01 00:00:00",5.21,1529
"2019-12-02 00:00:00",5.12,1448
"2019-12-03 00:00:00",10.66,1358
"2019-12-04 00:00:00",9.38,1322
"2019-12-05 00:00:00",15.66,1512
"2019-12-06 00:00:00",7.56,1223
"2019-12-07 00:00:00",6.35,1339
"2019-12-08 00:00:00",7.06,1423
"2019-12-09 00:00:00",12.24,1465
"2019-12-10 00:00:00",11.1,1404
"2019-12-11 00:00:00",9.74,1332
"2019-12-12 00:00:00",9.01,1372
"2019-12-13 00:00:00",8.34,1321
"2019-12-14 00:00:00",9.35,1392
"2019-12-15 00:00:00",8.68,1344
"2019-12-16 00:00:00",13.97,1402
"2019-12-17 00:00:00",14.45,1289
"2019-12-18 00:00:00",34.82,1399
"2019-12-19 00:00:00",18.12,1467
"2019-12-20 00:00:00",19.87,1432
"2019-12-21 00:00:00",12.66,1551
"2019-12-22 00:00:00",7.21,1695
"2019-12-23 00:00:00",16.69,1572
"2019-12-24 00:00:00",13.99,1486
"2019-12-25 00:00:00",12.08,1382
"2019-12-26 00:00:00",20.02,1436
"2019-12-27 00:00:00",10.98,1512
"2019-12-28 00:00:00",9.37,1413
"2019-12-29 00:00:00",10.66,1562
"2019-12-30 00:00:00",10.81,1394
"2019-12-31 00:00:00",9.6,1321
"2020-01-01 00:00:00",8.23,1339
"2020-01-02 00:00:00",7.79,1640
"2020-01-03 00:00:00",10.74,1744
"2020-01-04 00:00:00",11.59,1829
"2020-01-05 00:00:00",7.8,1770
"2020-01-06 00:00:00",18.39,1446
"2020-01-07 00:00:00",12.89,1520
"2020-01-08 00:00:00",14.18,1411
"2020-01-09 00:00:00",7.74,1461
"2020-01-10 00:00:00",10.66,1385
"2020-01-11 00:00:00",10.77,1541
"2020-01-12 00:00:00",6.82,1470
"2020-01-13 00:00:00",9.71,1544
"2020-01-14 00:00:00",9.24,1467
"2020-01-15 00:00:00",9.18,1475
"2020-01-16 00:00:00",13.6,1282
"2020-01-17 00:00:00",15.75,1358
"2020-01-18 00:00:00",10.81,1469
"2020-01-19 00:00:00",6.72,1514
"2020-01-20 00:00:00",5.26,1505
"2020-01-21 00:00:00",10.66,1497
"2020-01-22 00:00:00",11.58,1541
"2020-01-23 00:00:00",18.45,1682
"2020-01-24 00:00:00",4.77,1693
"2020-01-25 00:00:00",5.31,1543
"2020-01-26 00:00:00",6.07,1526
"2020-01-27 00:00:00",7.06,1499
"2020-01-28 00:00:00",11.21,1550
"2020-01-29 00:00:00",12.92,1529
"2020-01-30 00:00:00",10.61,1353
"2020-01-31 00:00:00",15.5,1329
"2020-02-01 00:00:00",9.56,1441
"2020-02-02 00:00:00",11.18,1237
"2020-02-03 00:00:00",20.81,1463
"2020-02-04 00:00:00",31.5,1100
"2020-02-05 00:00:00",43.56,1275
"2020-02-06 00:00:00",42.78,1056
"2020-02-07 00:00:00",73.58,1071
"2020-02-08 00:00:00",9.76,1378
"2020-02-09 00:00:00",13.49,1383
"2020-02-10 00:00:00",26.05,1330
"2020-02-11 00:00:00",43.57,1883
"2020-02-12 00:00:00",45.88,1473
"2020-02-13 00:00:00",30.35,1711
"2020-02-14 00:00:00",27.56,1503
"2020-02-15 00:00:00",24.8,1400
"2020-02-16 00:00:00",39.28,1390
"2020-02-17 00:00:00",34.63,1560
"2020-02-18 00:00:00",47.33,1739
"2020-02-19 00:00:00",29.38,1778
"2020-02-20 00:00:00",23.95,2052
"2020-02-21 00:00:00",32.79,1934
"2020-02-22 00:00:00",19.15,1906
"2020-02-23 00:00:00",16.85,1953
"2020-02-24 00:00:00",22.27,1874
"2020-02-25 00:00:00",22.98,1751
"2020-02-26 00:00:00",19.72,1727
"2020-02-27 00:00:00",16.35,1769
"2020-02-28 00:00:00",17.1,2729
"2020-02-29 00:00:00",7.75,2186
"2020-03-01 00:00:00",15.63,1732
"2020-03-02 00:00:00",12.68,1646
"2020-03-03 00:00:00",26.85,1679
"2020-03-04 00:00:00",18.7,1639
"2020-03-05 00:00:00",15.92,1605
"2020-03-06 00:00:00",15.72,1589
"2020-03-07 00:00:00",9.85,1557
"2020-03-08 00:00:00",20.65,1484
"2020-03-09 00:00:00",18.94,1420
"2020-03-10 00:00:00",13.75,1471
"2020-03-11 00:00:00",8.55,1396
"2020-03-12 00:00:00",11.95,732
"2020-03-13 00:00:00",20.59,1078
"2020-03-14 00:00:00",7.78,1379
"2020-03-15 00:00:00",7.18,1363
"2020-03-16 00:00:00",5.91,949
"2020-03-17 00:00:00",7.78,1231
"2020-03-18 00:00:00",4.74,1507
"2020-03-19 00:00:00",14.88,1256
"2020-03-20 00:00:00",8.44,1339
"2020-03-21 00:00:00",9.16,1439
"2020-03-22 00:00:00",11.92,1432
"2020-03-23 00:00:00",11.48,1419
"2020-03-24 00:00:00",17.59,1513
"2020-03-25 00:00:00",14.31,1270
"2020-03-26 00:00:00",12.48,1444
"2020-03-27 00:00:00",10.35,1453
"2020-03-28 00:00:00",8.66,1626
"2020-03-29 00:00:00",8.87,1473
"2020-03-30 00:00:00",13.71,1486
"2020-03-31 00:00:00",30.49,2002
"2020-04-01 00:00:00",7.87,1443
"2020-04-02 00:00:00",14.07,1402
"2020-04-03 00:00:00",8.42,1459
"2020-04-04 00:00:00",7.2,1422
"2020-04-05 00:00:00",9.4,1419
"2020-04-06 00:00:00",6.69,1287
"2020-04-07 00:00:00",18.94,1290
"2020-04-08 00:00:00",19.24,1351
"2020-04-09 00:00:00",13.27,1373
"2020-04-10 00:00:00",36.91,1393
"2020-04-11 00:00:00",6.74,1599
"2020-04-12 00:00:00",6.72,1605
"2020-04-13 00:00:00",10.82,1462
"2020-04-14 00:00:00",5.35,1460
"2020-04-15 00:00:00",10.52,1482
"2020-04-16 00:00:00",26.32,1454
"2020-04-17 00:00:00",15.41,1549
"2020-04-18 00:00:00",25.12,1481
"2020-04-19 00:00:00",11.19,1584
"2020-04-20 00:00:00",18,1292
"2020-04-21 00:00:00",28.81,1333
"2020-04-22 00:00:00",26.16,1441
"2020-04-23 00:00:00",33.22,1369
"2020-04-24 00:00:00",22.75,1360
"2020-04-25 00:00:00",23.21,1513
"2020-04-26 00:00:00",23.1,1360
"2020-04-27 00:00:00",18.19,1284
"2020-04-28 00:00:00",13.52,1406
"2020-04-29 00:00:00",25.33,1115
"2020-04-30 00:00:00",43.36,1045
"2020-05-01 00:00:00",26.54,1397
"2020-05-02 00:00:00",38.01,1478
"2020-05-03 00:00:00",14.86,1442
"2020-05-04 00:00:00",18.72,1232
"2020-05-05 00:00:00",28.24,1373
"2020-05-06 00:00:00",25.83,1190
"2020-05-07 00:00:00",34.36,1105
"2020-05-08 00:00:00",33.78,1192
"2020-05-09 00:00:00",21.95,1222
"2020-05-10 00:00:00",20.35,1118
"2020-05-11 00:00:00",17.67,1106
"2020-05-12 00:00:00",16.18,1063
"2020-05-13 00:00:00",26.77,1052
"2020-05-14 00:00:00",42.24,995
"2020-05-15 00:00:00",26.36,1212
"2020-05-16 00:00:00",27.8,1338
"2020-05-17 00:00:00",19.31,1356
"2020-05-18 00:00:00",34.8,1212
"2020-05-19 00:00:00",27.36,1141
"2020-05-20 00:00:00",43.9,1232
"2020-05-21 00:00:00",48.37,1048
"2020-05-22 00:00:00",48.67,1252
"2020-05-23 00:00:00",20.21,1753
"2020-05-24 00:00:00",60.9,1477
"2020-05-25 00:00:00",31.48,1303
"2020-05-26 00:00:00",35.9,1189
"2020-05-27 00:00:00",36.03,1058
"2020-05-28 00:00:00",33.01,1050
"2020-05-29 00:00:00",32.7,1260
"2020-05-30 00:00:00",30.02,1092
"2020-05-31 00:00:00",44.92,1156
"2020-06-01 00:00:00",57.66,996
"2020-06-02 00:00:00",59.29,954
"2020-06-03 00:00:00",61.23,1018
"2020-06-04 00:00:00",44.31,1131
"2020-06-05 00:00:00",42.13,1172
"2020-06-06 00:00:00",31.61,1142
"2020-06-07 00:00:00",32.06,975
"2020-06-08 00:00:00",30.21,976
"2020-06-09 00:00:00",46.75,948
"2020-06-10 00:00:00",53.23,855
"2020-06-11 00:00:00",40.7,1097
"2020-06-12 00:00:00",31.06,951
"2020-06-13 00:00:00",50.27,1066
"2020-06-14 00:00:00",34.45,1240
"2020-06-15 00:00:00",43.08,906
"2020-06-16 00:00:00",41.03,1034
"2020-06-17 00:00:00",44.53,913
"2020-06-18 00:00:00",90.22,959
"2020-06-19 00:00:00",52.39,945
"2020-06-20 00:00:00",18.75,1039
"2020-06-21 00:00:00",23.27,1096
"2020-06-22 00:00:00",40.36,937
"2020-06-23 00:00:00",37.67,1024
"2020-06-24 00:00:00",42.94,825
"2020-06-25 00:00:00",26.23,900
"2020-06-26 00:00:00",32.48,879
"2020-06-27 00:00:00",20.88,880
"2020-06-28 00:00:00",45.95,896
"2020-06-29 00:00:00",56.5,941
"2020-06-30 00:00:00",45.37,971
"2020-07-01 00:00:00",67.01,940
"2020-07-02 00:00:00",46.56,988
"2020-07-03 00:00:00",36.14,909
"2020-07-04 00:00:00",24.55,1041
"2020-07-05 00:00:00",27.12,938
"2020-07-06 00:00:00",37.92,1015
"2020-07-07 00:00:00",31.8,1048
"2020-07-08 00:00:00",39.92,1108
"2020-07-09 00:00:00",35.83,1196
"2020-07-10 00:00:00",39.45,1145
"2020-07-11 00:00:00",43.46,1214
"2020-07-12 00:00:00",37.37,1163
"2020-07-13 00:00:00",62.03,933
"2020-07-14 00:00:00",61.94,1026
"2020-07-15 00:00:00",52.26,978
"2020-07-16 00:00:00",38.41,990
"2020-07-17 00:00:00",48.38,891
"2020-07-18 00:00:00",32.36,944
"2020-07-19 00:00:00",79.73,864
"2020-07-20 00:00:00",78.89,832
"2020-07-21 00:00:00",66.27,924
"2020-07-22 00:00:00",93.38,892
"2020-07-23 00:00:00",81.25,859
"2020-07-24 00:00:00",76.8,847
"2020-07-25 00:00:00",86.35,856
"2020-07-26 00:00:00",84.39,802
"2020-07-27 00:00:00",110.31,701
"2020-07-28 00:00:00",94.38,811
"2020-07-29 00:00:00",145.13,767
"2020-07-30 00:00:00",105.84,807
"2020-07-31 00:00:00",80.55,759
"2020-08-01 00:00:00",75.37,806
"2020-08-02 00:00:00",141.43,853
"2020-08-03 00:00:00",119.97,775
"2020-08-04 00:00:00",81.85,1147
"2020-08-05 00:00:00",70.84,975
"2020-08-06 00:00:00",74.25,956
"2020-08-07 00:00:00",80.41,951
"2020-08-08 00:00:00",86.62,915
"2020-08-09 00:00:00",115.67,851
"2020-08-10 00:00:00",101.78,644
"2020-08-11 00:00:00",124.1,685
"2020-08-12 00:00:00",209.75,334
"2020-08-13 00:00:00",136.07,615
"2020-08-14 00:00:00",151.45,680
"2020-08-15 00:00:00",163.56,751
"2020-08-16 00:00:00",118.44,758
"2020-08-17 00:00:00",93.48,682
"2020-08-18 00:00:00",159.68,684
"2020-08-19 00:00:00",104.17,671
"2020-08-20 00:00:00",94.79,755
"2020-08-21 00:00:00",138.3,663
"2020-08-22 00:00:00",119.95,706
"2020-08-23 00:00:00",141.41,792
"2020-08-24 00:00:00",124.46,760
"2020-08-25 00:00:00",100.18,840
"2020-08-26 00:00:00",107.21,847
"2020-08-27 00:00:00",118.25,958
"2020-08-28 00:00:00",170.9,1033
"2020-08-29 00:00:00",47.11,1700
"2020-08-30 00:00:00",60.59,1489
"2020-08-31 00:00:00",121.37,873
"2020-09-01 00:00:00",262.69,281
"2020-09-02 00:00:00",114.07,489
"2020-09-03 00:00:00",112.2,636
"2020-09-04 00:00:00",98.58,917
"2020-09-05 00:00:00",67.19,683
"2020-09-06 00:00:00",118.66,1017
"2020-09-07 00:00:00",85.31,990
"2020-09-08 00:00:00",80.73,1032
"2020-09-09 00:00:00",99.79,990
"2020-09-10 00:00:00",117.95,896
"2020-09-11 00:00:00",156.25,952
"2020-09-12 00:00:00",138.85,1001
"2020-09-13 00:00:00",167.12,997
"2020-09-14 00:00:00",217.21,841
"2020-09-15 00:00:00",159.35,1391
"2020-09-16 00:00:00",75.06,1289
"2020-09-17 00:00:00",113.19,665
"2020-09-18 00:00:00",132.14,1277
"2020-09-19 00:00:00",164.57,1310
"2020-09-20 00:00:00",184.96,1378
"2020-09-21 00:00:00",119.61,1276
"2020-09-22 00:00:00",255.27,2041
"2020-09-23 00:00:00",402.32,3366
"2020-09-24 00:00:00",452.63,2298
"2020-09-25 00:00:00",295.94,2365
"2020-09-26 00:00:00",389.77,2285
"2020-09-27 00:00:00",336.23,2283
"2020-09-28 00:00:00",415.93,2113
"2020-09-29 00:00:00",291.74,1834
"2020-09-30 00:00:00",156.97,1636
"2020-10-01 00:00:00",181.69,1591
"2020-10-02 00:00:00",131.21,1567
"2020-10-03 00:00:00",159.89,1832
"2020-10-04 00:00:00",150.95,1697
"2020-10-05 00:00:00",153.64,1700
"2020-10-06 00:00:00",120.16,1771
"2020-10-07 00:00:00",143.8,1771
"2020-10-08 00:00:00",171.9,1667
"2020-10-09 00:00:00",157.54,1755
"2020-10-10 00:00:00",148.67,1632
"2020-10-11 00:00:00",119.32,1907
"2020-10-12 00:00:00",132.14,1562
"2020-10-13 00:00:00",114.38,1689
"2020-10-14 00:00:00",130.82,1742
"2020-10-15 00:00:00",183.25,1771
"2020-10-16 00:00:00",119.7,1606
"2020-10-17 00:00:00",140.2,1850
"2020-10-18 00:00:00",116.11,1864
"2020-10-19 00:00:00",164.37,1679
"2020-10-20 00:00:00",100.75,1566
"2020-10-21 00:00:00",163.48,1502
"2020-10-22 00:00:00",239.32,1523
"2020-10-23 00:00:00",86.84,1651
"2020-10-24 00:00:00",88.7,1967
"2020-10-25 00:00:00",65.98,1823
"2020-10-26 00:00:00",83.64,1869
"2020-10-27 00:00:00",52.04,2010
"2020-10-28 00:00:00",85.67,1771
"2020-10-29 00:00:00",73.9,1865
"2020-10-30 00:00:00",69.53,1968
"2020-10-31 00:00:00",63.87,2067
"2020-11-01 00:00:00",117.57,1904
"2020-11-02 00:00:00",92.7,1596
"2020-11-03 00:00:00",131.09,1751
"2020-11-04 00:00:00",103.83,1719
"2020-11-05 00:00:00",88.82,1694
"2020-11-06 00:00:00",202.77,1599
"2020-11-07 00:00:00",117.53,1623
"2020-11-08 00:00:00",87.78,1943
"2020-11-09 00:00:00",89.53,1730
"2020-11-10 00:00:00",120.57,2100
"2020-11-11 00:00:00",134.61,2061
"2020-11-12 00:00:00",59.37,2899
"2020-11-13 00:00:00",134.44,1973
"2020-11-14 00:00:00",111.16,2196
"2020-11-15 00:00:00",97.06,2265
"2020-11-16 00:00:00",105.88,2008
"2020-11-17 00:00:00",117.01,1746
"2020-11-18 00:00:00",121.61,1790
"2020-11-19 00:00:00",119.69,2108
"2020-11-20 00:00:00",113.42,1732
"2020-11-21 00:00:00",266.15,1666
"2020-11-22 00:00:00",138.84,1733
"2020-11-23 00:00:00",164.17,1393
"2020-11-24 00:00:00",125.6,1344
"2020-11-25 00:00:00",99.05,1604
"2020-11-26 00:00:00",117.05,1403
"2020-11-27 00:00:00",75.99,2038
"2020-11-28 00:00:00",82.15,2218
"2020-11-29 00:00:00",129.38,2155
"2020-11-30 00:00:00",149.59,1363
"2020-12-01 00:00:00",77.3,1514
"2020-12-02 00:00:00",174.47,1813
"2020-12-03 00:00:00",94.73,1737
"2020-12-04 00:00:00",156.19,1841
"2020-12-05 00:00:00",96.81,1902
"2020-12-06 00:00:00",103.71,2053
"2020-12-07 00:00:00",86.59,1779
"2020-12-08 00:00:00",124.44,1838
"2020-12-09 00:00:00",86.13,1686
"2020-12-10 00:00:00",81.44,1878
"2020-12-11 00:00:00",84.62,2603
"2020-12-12 00:00:00",76.06,2250
"2020-12-13 00:00:00",128.44,2159
"2020-12-14 00:00:00",99.7,1754
"2020-12-15 00:00:00",86.27,1652
"2020-12-16 00:00:00",122.09,1587
"2020-12-17 00:00:00",200.6,1055
"2020-12-18 00:00:00",119.12,1857
"2020-12-19 00:00:00",117.34,1793
"2020-12-20 00:00:00",169.83,2145
"2020-12-21 00:00:00",162.18,1653
"2020-12-22 00:00:00",188,1895
"2020-12-23 00:00:00",150.98,1678
"2020-12-24 00:00:00",153.88,1707
"2020-12-25 00:00:00",199.34,1464
"2020-12-26 00:00:00",174.85,1581
"2020-12-27 00:00:00",173.19,1473
"2020-12-28 00:00:00",132.55,1345
"2020-12-29 00:00:00",132.87,1451
"2020-12-30 00:00:00",221.6,1289
"2020-12-31 00:00:00",150.49,1344
"2021-01-01 00:00:00",127.41,1973
"2021-01-02 00:00:00",125.76,1527
"2021-01-03 00:00:00",269.91,1096
"2021-01-04 00:00:00",256.85,1067
"2021-01-05 00:00:00",417.99,1151
"2021-01-06 00:00:00",603,1149
"2021-01-07 00:00:00",366.75,1130
"2021-01-08 00:00:00",277.96,1363
"2021-01-09 00:00:00",281.44,1448
"2021-01-10 00:00:00",463.24,1348
"2021-01-11 00:00:00",223.85,1037
"2021-01-12 00:00:00",184.36,1391
"2021-01-13 00:00:00",230.76,1627
"2021-01-14 00:00:00",169.22,1639
"2021-01-15 00:00:00",181.15,1458
"2021-01-16 00:00:00",199.61,1473
"2021-01-17 00:00:00",274.71,1479
"2021-01-18 00:00:00",364.3,1558
"2021-01-19 00:00:00",325.1,1361
"2021-01-20 00:00:00",281.47,1610
"2021-01-21 00:00:00",263.81,1506
"2021-01-22 00:00:00",276.39,1525
"2021-01-23 00:00:00",681.26,1637
"2021-01-24 00:00:00",472.84,1893
"2021-01-25 00:00:00",398.26,1522
"2021-01-26 00:00:00",270.13,1922
"2021-01-27 00:00:00",506.74,1745
"2021-01-28 00:00:00",481.29,1339
"2021-01-29 00:00:00",417.51,1576
"2021-01-30 00:00:00",496.08,2477
"2021-01-31 00:00:00",812.63,3087
"2021-02-01 00:00:00",1412.5,2814
"2021-02-02 00:00:00",1848.32,2321
"2021-02-03 00:00:00",1432.09,1715
"2021-02-04 00:00:00",1920.88,1581
"2021-02-05 00:00:00",1374.36,1315
"2021-02-06 00:00:00",1020.66,1942
"2021-02-07 00:00:00",1010.07,1681
"2021-02-08 00:00:00",2269.83,1428
"2021-02-09 00:00:00",1888.98,1439
"2021-02-10 00:00:00",1705.64,1081
"2021-02-11 00:00:00",1044.34,2401
"2021-02-12 00:00:00",693.31,2046
"2021-02-13 00:00:00",1444.02,2140
"2021-02-14 00:00:00",2103.09,2598
"2021-02-15 00:00:00",1786.68,2590
"2021-02-16 00:00:00",1880.21,3359
"2021-02-17 00:00:00",2458.87,3104
"2021-02-18 00:00:00",2951.19,2790
"2021-02-19 00:00:00",3452.51,2584
"2021-02-20 00:00:00",2553.36,2510
"2021-02-21 00:00:00",2844.14,3780
"2021-02-22 00:00:00",4330.22,3001
"2021-02-23 00:00:00",2605.56,1912
"2021-02-24 00:00:00",1490.02,3651
"2021-02-25 00:00:00",1038.23,4184
"2021-02-26 00:00:00",760.96,5001
"2021-02-27 00:00:00",761.92,6131
"2021-02-28 00:00:00",1095.29,4836
"2021-03-01 00:00:00",744.9,5224
"2021-03-02 00:00:00",1188.53,5870
"2021-03-03 00:00:00",1415.36,5088
"2021-03-04 00:00:00",1116.89,5185
"2021-03-05 00:00:00",1044.67,5521
"2021-03-06 00:00:00",839.47,5432
"2021-03-07 00:00:00",694.1,5077
"2021-03-08 00:00:00",1049.91,5434
"2021-03-09 00:00:00",1303.39,5291
"2021-03-10 00:00:00",788.89,5958
"2021-03-11 00:00:00",3763.03,5443
"2021-03-12 00:00:00",2294.09,5355
"2021-03-13 00:00:00",1412.03,6837
"2021-03-14 00:00:00",1647.41,6905
"2021-03-15 00:00:00",1429.56,6088
"2021-03-16 00:00:00",1135.22,6377
"2021-03-17 00:00:00",1252.99,6891
"2021-03-18 00:00:00",1036.05,6457
"2021-03-19 00:00:00",786.48,6266
"2021-03-20 00:00:00",1089.59,6574
"2021-03-21 00:00:00",979.75,7010
"2021-03-22 00:00:00",1074.76,5374
"2021-03-23 00:00:00",969.91,5176
"2021-03-24 00:00:00",1346.21,4274
"2021-03-25 00:00:00",1055.01,4327
"2021-03-26 00:00:00",818.57,4648
"2021-03-27 00:00:00",924.21,4847
"2021-03-28 00:00:00",1076.44,4929
"2021-03-29 00:00:00",1130.81,4750
"2021-03-30 00:00:00",1620.86,4309
"2021-03-31 00:00:00",1380.27,3854
"2021-04-01 00:00:00",1633.96,3931
"2021-04-02 00:00:00",1406.07,3192
"2021-04-03 00:00:00",1060.14,4348
"2021-04-04 00:00:00",688.82,4877
"2021-04-05 00:00:00",1154.37,4360
"2021-04-06 00:00:00",1114.12,4034
"2021-04-07 00:00:00",516.96,4866
"2021-04-08 00:00:00",2220.81,4667
"2021-04-09 00:00:00",1731.73,4631
"2021-04-10 00:00:00",1125.5,4879
"2021-04-11 00:00:00",3545.63,5024
"2021-04-12 00:00:00",1419.55,4348
"2021-04-13 00:00:00",1621.5,4275
"2021-04-14 00:00:00",2001.08,4472
"2021-04-15 00:00:00",1985.18,3760
"2021-04-16 00:00:00",2376.41,4168
"2021-04-17 00:00:00",1303.83,3863
"2021-04-18 00:00:00",1202.86,3571
"2021-04-19 00:00:00",1745.81,2841
"2021-04-20 00:00:00",2022.17,2132
"2021-04-21 00:00:00",1541.91,3508
"2021-04-22 00:00:00",1132.07,3808
"2021-04-23 00:00:00",995.86,4313
"2021-04-24 00:00:00",823.73,3945
"2021-04-25 00:00:00",564.84,4360
"2021-04-26 00:00:00",839.35,3828
"2021-04-27 00:00:00",1309.91,4275
"2021-04-28 00:00:00",1023.14,3810
"2021-04-29 00:00:00",816.59,3932
"2021-04-30 00:00:00",938.69,4974
"2021-05-01 00:00:00",583.37,5967
"2021-05-02 00:00:00",1376.72,5574
"2021-05-03 00:00:00",6561.5,7718
"2021-05-04 00:00:00",3783.53,5940
"2021-05-05 00:00:00",2189.56,5195
"2021-05-06 00:00:00",1640.02,4840
"2021-05-07 00:00:00",1320.18,5129
"2021-05-08 00:00:00",2759.82,3127
"2021-05-09 00:00:00",1997.13,3913
"2021-05-10 00:00:00",3170.04,2177
"2021-05-11 00:00:00",2402.81,2954
"2021-05-12 00:00:00",3731.96,4660
"2021-05-13 00:00:00",1520.83,5732
"2021-05-14 00:00:00",1666.95,5945
"2021-05-15 00:00:00",1061.51,5713
"2021-05-16 00:00:00",883.1,5448
"2021-05-17 00:00:00",616.56,5026
"2021-05-18 00:00:00",748.38,5457
"2021-05-19 00:00:00",530.26,4121
"2021-05-20 00:00:00",449.56,5547
"2021-05-21 00:00:00",506.93,6055
"2021-05-22 00:00:00",495.28,8531
"2021-05-23 00:00:00",354.32,8956
"2021-05-24 00:00:00",620.17,6667
"2021-05-25 00:00:00",468.74,7117
"2021-05-26 00:00:00",530.96,6251
"2021-05-27 00:00:00",624.65,7653
"2021-05-28 00:00:00",540.94,7589
"2021-05-29 00:00:00",495.36,7929
"2021-05-30 00:00:00",452.55,8662
"2021-05-31 00:00:00",420.08,8171
"2021-06-01 00:00:00",488.61,8646
"2021-06-02 00:00:00",472.28,7792
"2021-06-03 00:00:00",488.11,7470
"2021-06-04 00:00:00",440.33,8181
"2021-06-05 00:00:00",454.81,8182
"2021-06-06 00:00:00",514,8388
"2021-06-07 00:00:00",646.14,8490
"2021-06-08 00:00:00",506.49,8914
"2021-06-09 00:00:00",410.76,9025
"2021-06-10 00:00:00",427.63,9443
"2021-06-11 00:00:00",522.02,11040
"2021-06-12 00:00:00",375.58,9140
"2021-06-13 00:00:00",354.67,9702
"2021-06-14 00:00:00",384.02,10154
"2021-06-15 00:00:00",440.45,11806
"2021-06-16 00:00:00",423.11,11359
"2021-06-17 00:00:00",443.16,11009
"2021-06-18 00:00:00",278.91,13480
"2021-06-19 00:00:00",318.95,13014
"2021-06-20 00:00:00",424.33,14631
"2021-06-21 00:00:00",414.9,15028
"2021-06-22 00:00:00",406.51,13546
"2021-06-23 00:00:00",450.81,13387
"2021-06-24 00:00:00",399.6,14759
"2021-06-25 00:00:00",458.78,15813
"2021-06-26 00:00:00",404.2,16530
"2021-06-27 00:00:00",267.08,18402
"2021-06-28 00:00:00",414.18,17746
"2021-06-29 00:00:00",350.19,18841
"2021-06-30 00:00:00",279.89,22332
"2021-07-01 00:00:00",328.87,21287
"2021-07-02 00:00:00",418.37,19966
"2021-07-03 00:00:00",400.14,21156
"2021-07-04 00:00:00",556.13,21082
"2021-07-05 00:00:00",461.1,21298
"2021-07-06 00:00:00",544.68,22275
"2021-07-07 00:00:00",563.93,24031
"2021-07-08 00:00:00",485.73,26150
"2021-07-09 00:00:00",593.65,24796
"2021-07-10 00:00:00",553.07,24334
"2021-07-11 00:00:00",550.77,22367
"2021-07-12 00:00:00",626.4,19739
"2021-07-13 00:00:00",618.69,22452
"2021-07-14 00:00:00",657.38,24709
"2021-07-15 00:00:00",564.82,35011
"2021-07-16 00:00:00",472.51,34672
"2021-07-17 00:00:00",571.16,30756
"2021-07-18 00:00:00",495.12,26689
"2021-07-19 00:00:00",499.57,28494
"2021-07-20 00:00:00",397.7,30639
"2021-07-21 00:00:00",461.39,29195
"2021-07-22 00:00:00",400.48,32965
"2021-07-23 00:00:00",468.59,38924
"2021-07-24 00:00:00",511.98,33536
"2021-07-25 00:00:00",509.15,33857
"2021-07-26 00:00:00",599.64,27248
"2021-07-27 00:00:00",493.18,27481
"2021-07-28 00:00:00",445.45,32632
"2021-07-29 00:00:00",495.6,35868
"2021-07-30 00:00:00",722.57,35131
"2021-07-31 00:00:00",954.97,36030
"2021-08-01 00:00:00",1049.98,36804
"2021-08-02 00:00:00",544.73,38445
"2021-08-03 00:00:00",638.55,45808
"2021-08-04 00:00:00",926.49,44773
"2021-08-05 00:00:00",829.47,48650
"2021-08-06 00:00:00",866.1,52657
"2021-08-07 00:00:00",594.61,49490
"2021-08-08 00:00:00",632.15,51517
"2021-08-09 00:00:00",611.78,58429
"2021-08-10 00:00:00",612.3,58943
"2021-08-11 00:00:00",609.67,60460
"2021-08-12 00:00:00",552.25,59578
"2021-08-13 00:00:00",548.24,57199
"2021-08-14 00:00:00",633.99,58421
"2021-08-15 00:00:00",545.04,62137
"2021-08-16 00:00:00",469.2,63664
"2021-08-17 00:00:00",456.81,63746
"2021-08-18 00:00:00",563.08,58819
"2021-08-19 00:00:00",475.7,58886
"2021-08-20 00:00:00",810.4,59055
"2021-08-21 00:00:00",843.67,61367
"2021-08-22 00:00:00",976.03,60382
"2021-08-23 00:00:00",1987.91,60509
"2021-08-24 00:00:00",1397.06,65963
"2021-08-25 00:00:00",1203.43,65664
"2021-08-26 00:00:00",948.42,68720
"2021-08-27 00:00:00",1184.6,69043
"2021-08-28 00:00:00",2114.3,70109
"2021-08-29 00:00:00",2321.42,71662
"2021-08-30 00:00:00",1593.68,70748
"2021-08-31 00:00:00",1056.61,65770
"2021-09-01 00:00:00",1155.52,61582
"2021-09-02 00:00:00",1233.9,55908
"2021-09-03 00:00:00",1194.12,58013
"2021-09-04 00:00:00",923.95,65981
"2021-09-05 00:00:00",771.7,65313
"2021-09-06 00:00:00",758.9,65524
"2021-09-07 00:00:00",701.49,62936
"2021-09-08 00:00:00",633.5,60329
"2021-09-09 00:00:00",627.97,65409
"2021-09-10 00:00:00",543.71,60450
"2021-09-11 00:00:00",431.47,60239
"2021-09-12 00:00:00",442.32,61589
"2021-09-13 00:00:00",724.69,56987
"2021-09-14 00:00:00",634.88,58589
"2021-09-15 00:00:00",639.33,63957
"2021-09-16 00:00:00",896.92,64623
"2021-09-17 00:00:00",519.22,60805
"2021-09-18 00:00:00",542.72,67899
"2021-09-19 00:00:00",601.77,64214
"2021-09-20 00:00:00",463.38,60894
"2021-09-21 00:00:00",486.82,61340
"2021-09-22 00:00:00",416.99,62321
"2021-09-23 00:00:00",597.54,83194
"2021-09-24 00:00:00",489.77,86284
"2021-09-25 00:00:00",486.62,79237
"2021-09-26 00:00:00",563.25,72103
"2021-09-27 00:00:00",745.46,73684
"2021-09-28 00:00:00",813.7,73721
"2021-09-29 00:00:00",548.53,75794
"2021-09-30 00:00:00",727.35,69203
"2021-10-01 00:00:00",653.61,76371
"2021-10-02 00:00:00",651.91,74621
"2021-10-03 00:00:00",772.28,75955
"2021-10-04 00:00:00",834.4,90374
"2021-10-05 00:00:00",880.75,85114
"2021-10-06 00:00:00",779.57,77845
"2021-10-07 00:00:00",783.61,77968
"2021-10-08 00:00:00",701.76,80891
"2021-10-09 00:00:00",612.56,73698
"2021-10-10 00:00:00",605.09,74197
"2021-10-11 00:00:00",551.99,73137
"2021-10-12 00:00:00",564.7,74157
"2021-10-13 00:00:00",725.38,77742
"2021-10-14 00:00:00",729.19,67037
"2021-10-15 00:00:00",883.19,69338
"2021-10-16 00:00:00",651.49,75534
"2021-10-17 00:00:00",666.89,75478
"2021-10-18 00:00:00",701.7,74937
"2021-10-19 00:00:00",611.33,67256
"2021-10-20 00:00:00",554.04,68815
"2021-10-21 00:00:00",642.84,72208
"2021-10-22 00:00:00",650.78,72939
"2021-10-23 00:00:00",642.22,73464
"2021-10-24 00:00:00",610.11,64673
"2021-10-25 00:00:00",599.73,67212
"2021-10-26 00:00:00",553.13,64182
"2021-10-27 00:00:00",539.93,64251
"2021-10-28 00:00:00",681.35,60531
"2021-10-29 00:00:00",713.26,63514
"2021-10-30 00:00:00",617.47,62627
"2021-10-31 00:00:00",587.14,66073
"2021-11-01 00:00:00",580.95,67046
"2021-11-02 00:00:00",551.69,78646
"2021-11-03 00:00:00",573.02,75762
"2021-11-04 00:00:00",575.79,103018
"2021-11-05 00:00:00",463.09,118220
"2021-11-06 00:00:00",461.79,99486
"2021-11-07 00:00:00",535.63,94414
"2021-11-08 00:00:00",627.56,88515
"2021-11-09 00:00:00",491.11,85854
"2021-11-10 00:00:00",495.16,102785
"2021-11-11 00:00:00",481.06,95683
"2021-11-12 00:00:00",544.59,88927
"2021-11-13 00:00:00",806.12,94516
"2021-11-14 00:00:00",912.44,90475
"2021-11-15 00:00:00",1144.42,79334
"2021-11-16 00:00:00",1111.13,84052
"2021-11-17 00:00:00",869.04,87720
"2021-11-18 00:00:00",628.07,100223
"2021-11-19 00:00:00",598.11,98320
"2021-11-20 00:00:00",604.05,94523
"2021-11-21 00:00:00",694.56,87741
"2021-11-22 00:00:00",728.83,95254
"2021-11-23 00:00:00",580.6,87344
"2021-11-24 00:00:00",644.97,89724
"2021-11-25 00:00:00",678.32,85633
"2021-11-26 00:00:00",578.19,79096
"2021-11-27 00:00:00",576.77,81238
"2021-11-28 00:00:00",596.79,83840
"2021-11-29 00:00:00",728.59,84055
"2021-11-30 00:00:00",654.13,83236
"2021-12-01 00:00:00",660.65,80756
"2021-12-02 00:00:00",622.76,82727
"2021-12-03 00:00:00",698.07,75274
"2021-12-04 00:00:00",481.51,77193
"2021-12-05 00:00:00",584.48,76043
"2021-12-06 00:00:00",599.78,69430
"2021-12-07 00:00:00",637.5,72373
"2021-12-08 00:00:00",490.26,84796
"2021-12-09 00:00:00",1004.77,72260
"2021-12-10 00:00:00",777.12,69242
"2021-12-11 00:00:00",818.18,77230
"2021-12-12 00:00:00",718.57,72065
"2021-12-13 00:00:00",1259.49,71662
"2021-12-14 00:00:00",1163.63,73333
"2021-12-15 00:00:00",830.99,73246
"2021-12-16 00:00:00",932.97,74383
"2021-12-17 00:00:00",911.62,69598
"2021-12-18 00:00:00",777.63,65261
"2021-12-19 00:00:00",658.97,61177
"2021-12-20 00:00:00",627.39,62221
"2021-12-21 00:00:00",742.62,60973
"2021-12-22 00:00:00",725.63,65181
"2021-12-23 00:00:00",832.21,70904
"2021-12-24 00:00:00",1043.94,61698
"2021-12-25 00:00:00",897.87,50778
"2021-12-26 00:00:00",1044.29,64026
"2021-12-27 00:00:00",1252.19,67716
"2021-12-28 00:00:00",1027.26,72510
"2021-12-29 00:00:00",1121.9,65157
"2021-12-30 00:00:00",914.43,74395
"2021-12-31 00:00:00",1343.73,63525
"2022-01-01 00:00:00",1785.55,60926
"2022-01-02 00:00:00",2057.05,71114
"2022-01-03 00:00:00",1842.39,70426
"2022-01-04 00:00:00",1623.79,75832
"2022-01-05 00:00:00",1200.3,79889
"2022-01-06 00:00:00",1166.42,74005
"2022-01-07 00:00:00",998.35,72719
"2022-01-08 00:00:00",1103.43,74615
"2022-01-09 00:00:00",1282.27,81024
"2022-01-10 00:00:00",1183.65,62759
"2022-01-11 00:00:00",940.54,71994
"2022-01-12 00:00:00",1537.39,73040
"2022-01-13 00:00:00",1133.54,78049
"2022-01-14 00:00:00",1278.75,75254
"2022-01-15 00:00:00",1171.28,80032
"2022-01-16 00:00:00",974.01,98898
"2022-01-17 00:00:00",888.27,90230
"2022-01-18 00:00:00",1009.14,80773
"2022-01-19 00:00:00",1157.55,91893
"2022-01-20 00:00:00",1217.77,110724
"2022-01-21 00:00:00",1367.9,83603
"2022-01-22 00:00:00",1095.52,68115
"2022-01-23 00:00:00",1035.62,71245
"2022-01-24 00:00:00",938.56,68049
"2022-01-25 00:00:00",1703.32,78971
"2022-01-26 00:00:00",1767.07,77783
"2022-01-27 00:00:00",1630.59,75710
"2022-01-28 00:00:00",1350.59,76360
"2022-01-29 00:00:00",1313.04,75180
"2022-01-30 00:00:00",1644.43,78140
"2022-01-31 00:00:00",1966.06,78557
"2022-02-01 00:00:00",1753.26,84685
"2022-02-02 00:00:00",1301.52,86979
"2022-02-03 00:00:00",1264.07,81536
"2022-02-04 00:00:00",1247.84,80276
"2022-02-05 00:00:00",1248.32,63498
"2022-02-06 00:00:00",904.38,66890
"2022-02-07 00:00:00",1181.66,82513
"2022-02-08 00:00:00",836.63,87439
"2022-02-09 00:00:00",920.03,90911
"2022-02-10 00:00:00",981.37,93339
"2022-02-11 00:00:00",1120.45,82268
"2022-02-12 00:00:00",2348.06,78328
"2022-02-13 00:00:00",2174.39,70719
"2022-02-14 00:00:00",1071.76,62678
"2022-02-15 00:00:00",1192.39,64471
"2022-02-16 00:00:00",1216.95,59136
"2022-02-17 00:00:00",925.43,59616
"2022-02-18 00:00:00",1030.91,58162
"2022-02-19 00:00:00",735.96,60891
"2022-02-20 00:00:00",879.63,56546
"2022-02-21 00:00:00",982.91,69904
"2022-02-22 00:00:00",906.08,70116
"2022-02-23 00:00:00",1031.61,73353
"2022-02-24 00:00:00",1368.16,56122
"2022-02-25 00:00:00",1251.69,57096
"2022-02-26 00:00:00",950.38,59025
"2022-02-27 00:00:00",1246.05,52746
"2022-02-28 00:00:00",759.53,50745
"2022-03-01 00:00:00",674.38,51712
"2022-03-02 00:00:00",844.68,55241
"2022-03-03 00:00:00",883.57,50599
"2022-03-04 00:00:00",960.34,53827
"2022-03-05 00:00:00",767.14,51326
"2022-03-06 00:00:00",735.71,43438
"2022-03-07 00:00:00",840.39,45268
"2022-03-08 00:00:00",1041.6,40524
"2022-03-09 00:00:00",839.17,43140
"2022-03-10 00:00:00",896.35,40146
"2022-03-11 00:00:00",1371.79,40529
"2022-03-12 00:00:00",1395.52,39280
"2022-03-13 00:00:00",1099.87,38216
"2022-03-14 00:00:00",906.73,37378
"2022-03-15 00:00:00",947.89,41122
"2022-03-16 00:00:00",1627.81,36238
"2022-03-17 00:00:00",2919.85,37664
"2022-03-18 00:00:00",2573.18,36146
"2022-03-19 00:00:00",2641.25,35110
"2022-03-20 00:00:00",1702.79,35776
"2022-03-21 00:00:00",1504.9,34722
"2022-03-22 00:00:00",1257.97,33812
"2022-03-23 00:00:00",1422.89,36886
"2022-03-24 00:00:00",1732.19,37012
"2022-03-25 00:00:00",1368.82,37223
"2022-03-26 00:00:00",1767.32,29754
"2022-03-27 00:00:00",1505.41,33384
"2022-03-28 00:00:00",1156.75,35058
"2022-03-29 00:00:00",1389.12,32817
"2022-03-30 00:00:00",2541.76,26945
"2022-03-31 00:00:00",2894.9,25252
"2022-04-01 00:00:00",3514.31,23601
"2022-04-02 00:00:00",3730.87,28946
"2022-04-03 00:00:00",3517.61,33924
"2022-04-04 00:00:00",2643.54,32748
"2022-04-05 00:00:00",2498.54,30163
"2022-04-06 00:00:00",994.36,50500
"2022-04-07 00:00:00",1268.3,49530
"2022-04-08 00:00:00",1086.09,41059
"2022-04-09 00:00:00",1317.3,35713
"2022-04-10 00:00:00",1294.93,31938
"2022-04-11 00:00:00",1411.39,29461
"2022-04-12 00:00:00",1449.12,28802
"2022-04-13 00:00:00",1629.11,31907
"2022-04-14 00:00:00",1384.78,35153
"2022-04-15 00:00:00",1301.73,32201
"2022-04-16 00:00:00",4594.79,38746
"2022-04-17 00:00:00",3242.57,30082
"2022-04-18 00:00:00",2474.15,35475
"2022-04-19 00:00:00",2624.22,33738
"2022-04-20 00:00:00",2864.52,30263
"2022-04-21 00:00:00",2981.91,30692
"2022-04-22 00:00:00",2256.31,32510
"2022-04-23 00:00:00",1963.95,34760
"2022-04-24 00:00:00",2248.41,34891
"2022-04-25 00:00:00",2503,38119
"2022-04-26 00:00:00",1872.7,40277
"2022-04-27 00:00:00",1363.19,44191
"2022-04-28 00:00:00",1574.44,43475
"2022-04-29 00:00:00",2105.85,32810
"2022-04-30 00:00:00",1840.29,35980
"2022-05-01 00:00:00",6661.66,70017
"2022-05-02 00:00:00",2605.98,51346
"2022-05-03 00:00:00",1685.5,46185
"2022-05-04 00:00:00",2800.58,39350
"2022-05-05 00:00:00",3044.78,41962
"2022-05-06 00:00:00",2185.62,38970
"2022-05-07 00:00:00",1740.78,35832
"2022-05-08 00:00:00",1397.65,27807
"2022-05-09 00:00:00",2121.22,30779
"2022-05-10 00:00:00",2991.29,36243
"2022-05-11 00:00:00",2536.51,24305
"2022-05-12 00:00:00",2221.52,23407
"2022-05-13 00:00:00",2424.03,27430
"2022-05-14 00:00:00",2053.57,25118
"2022-05-15 00:00:00",1305.24,21620
"2022-05-16 00:00:00",1222.97,22466
"2022-05-17 00:00:00",1248.97,23206
"2022-05-18 00:00:00",1270.14,24290
"2022-05-19 00:00:00",1047.82,26026
"2022-05-20 00:00:00",991.12,32260
"2022-05-21 00:00:00",640.54,33276
"2022-05-22 00:00:00",823.79,31094
"2022-05-23 00:00:00",1074.64,24630
"2022-05-24 00:00:00",1040.42,21916
"2022-05-25 00:00:00",706.64,30341
"2022-05-26 00:00:00",1115.62,28857
"2022-05-27 00:00:00",1112,24996
"2022-05-28 00:00:00",856.32,24351
"2022-05-29 00:00:00",1049.84,21684
"2022-05-30 00:00:00",1308.98,19431
"2022-05-31 00:00:00",1394.39,23824
"2022-06-01 00:00:00",1595.69,21240
"2022-06-02 00:00:00",1142.9,24250
"2022-06-03 00:00:00",736.57,32036
"2022-06-04 00:00:00",1121.59,23835
"2022-06-05 00:00:00",828.15,25723
"2022-06-06 00:00:00",1150.39,25330
"2022-06-07 00:00:00",1122.04,27451
"2022-06-08 00:00:00",1321.24,25859
"2022-06-09 00:00:00",1348.26,21383
"2022-06-10 00:00:00",1422.68,20083
"2022-06-11 00:00:00",1515.56,18800
"2022-06-12 00:00:00",1493.94,18734
"2022-06-13 00:00:00",1687.36,20693
"2022-06-14 00:00:00",1462.45,23001
"2022-06-15 00:00:00",1258.89,21167
"2022-06-16 00:00:00",1361.95,19382
"2022-06-17 00:00:00",1180.29,19525
"2022-06-18 00:00:00",1165.59,24772
"2022-06-19 00:00:00",1522.42,20924
"2022-06-20 00:00:00",1437.23,20282
"2022-06-21 00:00:00",1489.99,18205
"2022-06-22 00:00:00",1338.24,19802
"2022-06-23 00:00:00",1005.7,22367
"2022-06-24 00:00:00",1197.26,22191
"2022-06-25 00:00:00",995.11,22683
"2022-06-26 00:00:00",1571.05,18571
"2022-06-27 00:00:00",1424.5,18210
"2022-06-28 00:00:00",1593.46,18873
"2022-06-29 00:00:00",871.02,21147
"2022-06-30 00:00:00",947.41,21739
"2022-07-01 00:00:00",843.26,23214
"2022-07-02 00:00:00",717.34,23097
"2022-07-03 00:00:00",654.17,24765
"2022-07-04 00:00:00",475.74,27627
"2022-07-05 00:00:00",569.46,26539
"2022-07-06 00:00:00",662.66,26417
"2022-07-07 00:00:00",777.64,27805
"2022-07-08 00:00:00",772.76,25964
"2022-07-09 00:00:00",959.54,22648
"2022-07-10 00:00:00",961.09,21164
"2022-07-11 00:00:00",916.73,21626
"2022-07-12 00:00:00",1026.54,21179
"2022-07-13 00:00:00",986.07,23595
"2022-07-14 00:00:00",765.42,27211
"2022-07-15 00:00:00",1182.69,22841
"2022-07-16 00:00:00",1110.38,20653
"2022-07-17 00:00:00",1398.48,18919
"2022-07-18 00:00:00",1284.57,19989
"2022-07-19 00:00:00",1008.01,18016