"DateTime","Unique buyers","Unique sellers"
"2017-06-23 00:00:00",8,2
"2017-06-24 00:00:00",9,10
"2017-06-25 00:00:00",7,5
"2017-06-26 00:00:00",6,8
"2017-06-27 00:00:00",8,15
"2017-06-28 00:00:00",7,5
"2017-06-29 00:00:00",13,11
"2017-06-30 00:00:00",10,6
"2017-07-01 00:00:00",5,8
"2017-07-02 00:00:00",12,11
"2017-07-03 00:00:00",11,16
"2017-07-04 00:00:00",14,18
"2017-07-05 00:00:00",7,7
"2017-07-06 00:00:00",9,11
"2017-07-07 00:00:00",6,15
"2017-07-08 00:00:00",9,12
"2017-07-09 00:00:00",8,8
"2017-07-10 00:00:00",11,11
"2017-07-11 00:00:00",9,16
"2017-07-12 00:00:00",7,10
"2017-07-13 00:00:00",12,16
"2017-07-14 00:00:00",4,3
"2017-07-15 00:00:00",4,3
"2017-07-16 00:00:00",2,2
"2017-07-17 00:00:00",4,4
"2017-07-18 00:00:00",10,8
"2017-07-19 00:00:00",8,7
"2017-07-20 00:00:00",5,5
"2017-07-21 00:00:00",4,8
"2017-07-22 00:00:00",7,7
"2017-07-23 00:00:00",6,4
"2017-07-24 00:00:00",9,10
"2017-07-25 00:00:00",5,7
"2017-07-26 00:00:00",4,4
"2017-07-27 00:00:00",2,2
"2017-07-28 00:00:00",4,4
"2017-07-29 00:00:00",4,3
"2017-07-30 00:00:00",7,3
"2017-07-31 00:00:00",2,2
"2017-08-01 00:00:00",2,2
"2017-08-02 00:00:00",1,1
"2017-08-03 00:00:00",9,9
"2017-08-04 00:00:00",0,0
"2017-08-05 00:00:00",1,1
"2017-08-06 00:00:00",0,0
"2017-08-07 00:00:00",1,1
"2017-08-08 00:00:00",4,4
"2017-08-09 00:00:00",3,1
"2017-08-10 00:00:00",2,2
"2017-08-11 00:00:00",5,5
"2017-08-12 00:00:00",6,3
"2017-08-13 00:00:00",4,4
"2017-08-14 00:00:00",3,3
"2017-08-15 00:00:00",2,4
"2017-08-16 00:00:00",2,1
"2017-08-17 00:00:00",1,1
"2017-08-18 00:00:00",1,1
"2017-08-19 00:00:00",1,1
"2017-08-20 00:00:00",1,1
"2017-08-21 00:00:00",6,4
"2017-08-22 00:00:00",1,1
"2017-08-23 00:00:00",2,2
"2017-08-24 00:00:00",0,0
"2017-08-25 00:00:00",3,3
"2017-08-26 00:00:00",1,1
"2017-08-27 00:00:00",0,0
"2017-08-28 00:00:00",7,3
"2017-08-29 00:00:00",1,1
"2017-08-30 00:00:00",2,2
"2017-08-31 00:00:00",1,1
"2017-09-01 00:00:00",3,2
"2017-09-02 00:00:00",2,2
"2017-09-03 00:00:00",0,0
"2017-09-04 00:00:00",1,3
"2017-09-05 00:00:00",0,0
"2017-09-06 00:00:00",0,0
"2017-09-07 00:00:00",0,0
"2017-09-08 00:00:00",1,1
"2017-09-09 00:00:00",0,0
"2017-09-10 00:00:00",1,2
"2017-09-11 00:00:00",2,2
"2017-09-12 00:00:00",1,1
"2017-09-13 00:00:00",0,0
"2017-09-14 00:00:00",0,0
"2017-09-15 00:00:00",0,0
"2017-09-16 00:00:00",1,1
"2017-09-17 00:00:00",1,2
"2017-09-18 00:00:00",1,1
"2017-09-19 00:00:00",3,2
"2017-09-20 00:00:00",3,2
"2017-09-21 00:00:00",4,4
"2017-09-22 00:00:00",1,1
"2017-09-23 00:00:00",3,1
"2017-09-24 00:00:00",1,1
"2017-09-25 00:00:00",0,0
"2017-09-26 00:00:00",0,0
"2017-09-27 00:00:00",3,3
"2017-09-28 00:00:00",1,1
"2017-09-29 00:00:00",5,4
"2017-09-30 00:00:00",5,1
"2017-10-01 00:00:00",1,1
"2017-10-02 00:00:00",0,0
"2017-10-03 00:00:00",0,0
"2017-10-04 00:00:00",1,1
"2017-10-05 00:00:00",0,0
"2017-10-06 00:00:00",0,0
"2017-10-07 00:00:00",0,0
"2017-10-08 00:00:00",1,1
"2017-10-09 00:00:00",1,1
"2017-10-10 00:00:00",0,0
"2017-10-11 00:00:00",1,1
"2017-10-12 00:00:00",1,1
"2017-10-13 00:00:00",4,4
"2017-10-14 00:00:00",2,1
"2017-10-15 00:00:00",2,2
"2017-10-16 00:00:00",2,1
"2017-10-17 00:00:00",0,0
"2017-10-18 00:00:00",0,0
"2017-10-19 00:00:00",1,1
"2017-10-20 00:00:00",1,1
"2017-10-21 00:00:00",1,1
"2017-10-22 00:00:00",0,0
"2017-10-23 00:00:00",0,0
"2017-10-24 00:00:00",0,0
"2017-10-25 00:00:00",1,1
"2017-10-26 00:00:00",4,1
"2017-10-27 00:00:00",2,1
"2017-10-28 00:00:00",2,1
"2017-10-29 00:00:00",1,1
"2017-10-30 00:00:00",3,3
"2017-10-31 00:00:00",3,2
"2017-11-01 00:00:00",1,2
"2017-11-02 00:00:00",2,2
"2017-11-03 00:00:00",0,0
"2017-11-04 00:00:00",2,2
"2017-11-05 00:00:00",0,0
"2017-11-06 00:00:00",0,0
"2017-11-07 00:00:00",1,1
"2017-11-08 00:00:00",0,0
"2017-11-09 00:00:00",1,1
"2017-11-10 00:00:00",0,0
"2017-11-11 00:00:00",0,0
"2017-11-12 00:00:00",1,1
"2017-11-13 00:00:00",2,2
"2017-11-14 00:00:00",1,1
"2017-11-15 00:00:00",2,2
"2017-11-16 00:00:00",0,0
"2017-11-17 00:00:00",0,0
"2017-11-18 00:00:00",0,0
"2017-11-19 00:00:00",1,1
"2017-11-20 00:00:00",3,1
"2017-11-21 00:00:00",27,3
"2017-11-22 00:00:00",13,15
"2017-11-23 00:00:00",80,18
"2017-11-24 00:00:00",140,49
"2017-11-25 00:00:00",124,32
"2017-11-26 00:00:00",94,32
"2017-11-27 00:00:00",98,53
"2017-11-28 00:00:00",238,80
"2017-11-29 00:00:00",593,198
"2017-11-30 00:00:00",736,213
"2017-12-01 00:00:00",957,250
"2017-12-02 00:00:00",1469,438
"2017-12-03 00:00:00",3854,1421
"2017-12-04 00:00:00",6667,2161
"2017-12-05 00:00:00",9406,2657
"2017-12-06 00:00:00",8340,2001
"2017-12-07 00:00:00",8777,2797
"2017-12-08 00:00:00",10690,3764
"2017-12-09 00:00:00",11568,3795
"2017-12-10 00:00:00",11602,3806
"2017-12-11 00:00:00",10820,3605
"2017-12-12 00:00:00",9525,2850
"2017-12-13 00:00:00",8136,3135
"2017-12-14 00:00:00",7350,2889
"2017-12-15 00:00:00",5863,2019
"2017-12-16 00:00:00",5238,2027
"2017-12-17 00:00:00",4509,1650
"2017-12-18 00:00:00",4186,1991
"2017-12-19 00:00:00",3526,1502
"2017-12-20 00:00:00",2921,4432
"2017-12-21 00:00:00",2915,2420
"2017-12-22 00:00:00",2853,1268
"2017-12-23 00:00:00",2763,1237
"2017-12-24 00:00:00",2327,1008
"2017-12-25 00:00:00",2101,928
"2017-12-26 00:00:00",1888,827
"2017-12-27 00:00:00",2048,952
"2017-12-28 00:00:00",1959,890
"2017-12-29 00:00:00",1875,746
"2017-12-30 00:00:00",1755,697
"2017-12-31 00:00:00",1556,686
"2018-01-01 00:00:00",1458,774
"2018-01-02 00:00:00",1674,743
"2018-01-03 00:00:00",1259,576
"2018-01-04 00:00:00",865,441
"2018-01-05 00:00:00",896,396
"2018-01-06 00:00:00",974,624
"2018-01-07 00:00:00",1045,616
"2018-01-08 00:00:00",896,493
"2018-01-09 00:00:00",737,392
"2018-01-10 00:00:00",591,295
"2018-01-11 00:00:00",722,440
"2018-01-12 00:00:00",808,540
"2018-01-13 00:00:00",796,406
"2018-01-14 00:00:00",746,433
"2018-01-15 00:00:00",650,323
"2018-01-16 00:00:00",641,342
"2018-01-17 00:00:00",623,357
"2018-01-18 00:00:00",720,433
"2018-01-19 00:00:00",747,416
"2018-01-20 00:00:00",723,330
"2018-01-21 00:00:00",720,365
"2018-01-22 00:00:00",776,419
"2018-01-23 00:00:00",777,401
"2018-01-24 00:00:00",675,337
"2018-01-25 00:00:00",662,311
"2018-01-26 00:00:00",664,330
"2018-01-27 00:00:00",693,327
"2018-01-28 00:00:00",619,321
"2018-01-29 00:00:00",610,381
"2018-01-30 00:00:00",584,351
"2018-01-31 00:00:00",640,347
"2018-02-01 00:00:00",520,271
"2018-02-02 00:00:00",542,301
"2018-02-03 00:00:00",498,298
"2018-02-04 00:00:00",453,296
"2018-02-05 00:00:00",503,334
"2018-02-06 00:00:00",574,422
"2018-02-07 00:00:00",613,409
"2018-02-08 00:00:00",626,384
"2018-02-09 00:00:00",613,402
"2018-02-10 00:00:00",567,378
"2018-02-11 00:00:00",588,513
"2018-02-12 00:00:00",594,472
"2018-02-13 00:00:00",568,591
"2018-02-14 00:00:00",658,1117
"2018-02-15 00:00:00",762,962
"2018-02-16 00:00:00",762,646
"2018-02-17 00:00:00",702,547
"2018-02-18 00:00:00",717,567
"2018-02-19 00:00:00",738,540
"2018-02-20 00:00:00",697,488
"2018-02-21 00:00:00",693,431
"2018-02-22 00:00:00",668,423
"2018-02-23 00:00:00",661,468
"2018-02-24 00:00:00",712,621
"2018-02-25 00:00:00",678,417
"2018-02-26 00:00:00",722,377
"2018-02-27 00:00:00",742,676
"2018-02-28 00:00:00",727,441
"2018-03-01 00:00:00",674,397
"2018-03-02 00:00:00",606,361
"2018-03-03 00:00:00",576,310
"2018-03-04 00:00:00",643,451
"2018-03-05 00:00:00",646,342
"2018-03-06 00:00:00",618,453
"2018-03-07 00:00:00",734,589
"2018-03-08 00:00:00",757,557
"2018-03-09 00:00:00",717,482
"2018-03-10 00:00:00",591,346
"2018-03-11 00:00:00",596,375
"2018-03-12 00:00:00",621,843
"2018-03-13 00:00:00",602,327
"2018-03-14 00:00:00",577,396
"2018-03-15 00:00:00",561,324
"2018-03-16 00:00:00",538,316
"2018-03-17 00:00:00",479,344
"2018-03-18 00:00:00",493,305
"2018-03-19 00:00:00",633,390
"2018-03-20 00:00:00",697,422
"2018-03-21 00:00:00",747,505
"2018-03-22 00:00:00",742,462
"2018-03-23 00:00:00",763,515
"2018-03-24 00:00:00",656,448
"2018-03-25 00:00:00",583,408
"2018-03-26 00:00:00",602,410
"2018-03-27 00:00:00",666,448
"2018-03-28 00:00:00",632,366
"2018-03-29 00:00:00",603,351
"2018-03-30 00:00:00",630,391
"2018-03-31 00:00:00",608,382
"2018-04-01 00:00:00",584,356
"2018-04-02 00:00:00",630,393
"2018-04-03 00:00:00",635,376
"2018-04-04 00:00:00",585,353
"2018-04-05 00:00:00",604,392
"2018-04-06 00:00:00",653,487
"2018-04-07 00:00:00",604,424
"2018-04-08 00:00:00",626,484
"2018-04-09 00:00:00",614,433
"2018-04-10 00:00:00",560,368
"2018-04-11 00:00:00",602,421
"2018-04-12 00:00:00",563,396
"2018-04-13 00:00:00",604,466
"2018-04-14 00:00:00",595,396
"2018-04-15 00:00:00",530,385
"2018-04-16 00:00:00",565,438
"2018-04-17 00:00:00",542,389
"2018-04-18 00:00:00",539,313
"2018-04-19 00:00:00",555,301
"2018-04-20 00:00:00",530,310
"2018-04-21 00:00:00",519,318
"2018-04-22 00:00:00",443,300
"2018-04-23 00:00:00",585,287
"2018-04-24 00:00:00",535,314
"2018-04-25 00:00:00",475,323
"2018-04-26 00:00:00",426,310
"2018-04-27 00:00:00",464,374
"2018-04-28 00:00:00",443,301
"2018-04-29 00:00:00",457,316
"2018-04-30 00:00:00",515,309
"2018-05-01 00:00:00",512,326
"2018-05-02 00:00:00",427,274
"2018-05-03 00:00:00",404,235
"2018-05-04 00:00:00",489,256
"2018-05-05 00:00:00",424,244
"2018-05-06 00:00:00",470,320
"2018-05-07 00:00:00",432,334
"2018-05-08 00:00:00",518,355
"2018-05-09 00:00:00",444,237
"2018-05-10 00:00:00",434,240
"2018-05-11 00:00:00",361,259
"2018-05-12 00:00:00",398,241
"2018-05-13 00:00:00",373,246
"2018-05-14 00:00:00",315,214
"2018-05-15 00:00:00",369,237
"2018-05-16 00:00:00",385,324
"2018-05-17 00:00:00",356,253
"2018-05-18 00:00:00",326,234
"2018-05-19 00:00:00",327,251
"2018-05-20 00:00:00",377,250
"2018-05-21 00:00:00",352,261
"2018-05-22 00:00:00",355,243
"2018-05-23 00:00:00",315,203
"2018-05-24 00:00:00",538,285
"2018-05-25 00:00:00",572,372
"2018-05-26 00:00:00",532,306
"2018-05-27 00:00:00",553,291
"2018-05-28 00:00:00",449,247
"2018-05-29 00:00:00",429,289
"2018-05-30 00:00:00",457,327
"2018-05-31 00:00:00",456,288
"2018-06-01 00:00:00",518,283
"2018-06-02 00:00:00",436,253
"2018-06-03 00:00:00",420,232
"2018-06-04 00:00:00",450,211
"2018-06-05 00:00:00",399,249
"2018-06-06 00:00:00",444,251
"2018-06-07 00:00:00",436,227
"2018-06-08 00:00:00",417,243
"2018-06-09 00:00:00",383,236
"2018-06-10 00:00:00",391,194
"2018-06-11 00:00:00",484,245
"2018-06-12 00:00:00",483,258
"2018-06-13 00:00:00",507,247
"2018-06-14 00:00:00",415,182
"2018-06-15 00:00:00",440,258
"2018-06-16 00:00:00",371,195
"2018-06-17 00:00:00",437,233
"2018-06-18 00:00:00",533,270
"2018-06-19 00:00:00",480,308
"2018-06-20 00:00:00",475,247
"2018-06-21 00:00:00",521,286
"2018-06-22 00:00:00",504,310
"2018-06-23 00:00:00",434,236
"2018-06-24 00:00:00",411,234
"2018-06-25 00:00:00",428,214
"2018-06-26 00:00:00",414,252
"2018-06-27 00:00:00",487,263
"2018-06-28 00:00:00",443,262
"2018-06-29 00:00:00",501,326
"2018-06-30 00:00:00",422,187
"2018-07-01 00:00:00",283,138
"2018-07-02 00:00:00",196,83
"2018-07-03 00:00:00",187,117
"2018-07-04 00:00:00",193,119
"2018-07-05 00:00:00",247,168
"2018-07-06 00:00:00",210,107
"2018-07-07 00:00:00",180,110
"2018-07-08 00:00:00",299,183
"2018-07-09 00:00:00",397,176
"2018-07-10 00:00:00",351,184
"2018-07-11 00:00:00",426,265
"2018-07-12 00:00:00",395,237
"2018-07-13 00:00:00",407,243
"2018-07-14 00:00:00",220,128
"2018-07-15 00:00:00",289,186
"2018-07-16 00:00:00",388,228
"2018-07-17 00:00:00",444,253
"2018-07-18 00:00:00",402,228
"2018-07-19 00:00:00",394,234
"2018-07-20 00:00:00",416,286
"2018-07-21 00:00:00",380,231
"2018-07-22 00:00:00",428,220
"2018-07-23 00:00:00",483,216
"2018-07-24 00:00:00",458,283
"2018-07-25 00:00:00",440,237
"2018-07-26 00:00:00",498,305
"2018-07-27 00:00:00",459,369
"2018-07-28 00:00:00",400,265
"2018-07-29 00:00:00",371,279
"2018-07-30 00:00:00",401,266
"2018-07-31 00:00:00",416,268
"2018-08-01 00:00:00",401,255
"2018-08-02 00:00:00",513,323
"2018-08-03 00:00:00",452,284
"2018-08-04 00:00:00",473,282
"2018-08-05 00:00:00",463,266
"2018-08-06 00:00:00",466,286
"2018-08-07 00:00:00",411,278
"2018-08-08 00:00:00",274,168
"2018-08-09 00:00:00",274,192
"2018-08-10 00:00:00",329,213
"2018-08-11 00:00:00",341,260
"2018-08-12 00:00:00",386,299
"2018-08-13 00:00:00",514,323
"2018-08-14 00:00:00",579,337
"2018-08-15 00:00:00",622,304
"2018-08-16 00:00:00",612,318
"2018-08-17 00:00:00",579,347
"2018-08-18 00:00:00",643,385
"2018-08-19 00:00:00",539,327
"2018-08-20 00:00:00",555,353
"2018-08-21 00:00:00",628,366
"2018-08-22 00:00:00",488,326
"2018-08-23 00:00:00",571,399
"2018-08-24 00:00:00",629,428
"2018-08-25 00:00:00",616,364
"2018-08-26 00:00:00",578,329
"2018-08-27 00:00:00",592,333
"2018-08-28 00:00:00",623,411
"2018-08-29 00:00:00",611,417
"2018-08-30 00:00:00",678,419
"2018-08-31 00:00:00",691,361
"2018-09-01 00:00:00",709,354
"2018-09-02 00:00:00",680,387
"2018-09-03 00:00:00",662,343
"2018-09-04 00:00:00",680,356
"2018-09-05 00:00:00",726,403
"2018-09-06 00:00:00",821,426
"2018-09-07 00:00:00",803,472
"2018-09-08 00:00:00",695,481
"2018-09-09 00:00:00",652,560
"2018-09-10 00:00:00",693,481
"2018-09-11 00:00:00",700,518
"2018-09-12 00:00:00",750,577
"2018-09-13 00:00:00",717,548
"2018-09-14 00:00:00",702,468
"2018-09-15 00:00:00",571,481
"2018-09-16 00:00:00",603,459
"2018-09-17 00:00:00",613,448
"2018-09-18 00:00:00",656,533
"2018-09-19 00:00:00",609,477
"2018-09-20 00:00:00",575,452
"2018-09-21 00:00:00",686,443
"2018-09-22 00:00:00",512,425
"2018-09-23 00:00:00",530,449
"2018-09-24 00:00:00",562,462
"2018-09-25 00:00:00",754,477
"2018-09-26 00:00:00",703,573
"2018-09-27 00:00:00",755,709
"2018-09-28 00:00:00",672,542
"2018-09-29 00:00:00",489,417
"2018-09-30 00:00:00",505,395
"2018-10-01 00:00:00",529,338
"2018-10-02 00:00:00",523,457
"2018-10-03 00:00:00",538,414
"2018-10-04 00:00:00",530,390
"2018-10-05 00:00:00",561,501
"2018-10-06 00:00:00",599,398
"2018-10-07 00:00:00",576,430
"2018-10-08 00:00:00",554,437
"2018-10-09 00:00:00",582,394
"2018-10-10 00:00:00",639,423
"2018-10-11 00:00:00",658,468
"2018-10-12 00:00:00",661,454
"2018-10-13 00:00:00",602,441
"2018-10-14 00:00:00",565,375
"2018-10-15 00:00:00",567,366
"2018-10-16 00:00:00",582,456
"2018-10-17 00:00:00",537,456
"2018-10-18 00:00:00",518,398
"2018-10-19 00:00:00",561,562
"2018-10-20 00:00:00",513,429
"2018-10-21 00:00:00",540,382
"2018-10-22 00:00:00",505,343
"2018-10-23 00:00:00",594,459
"2018-10-24 00:00:00",531,454
"2018-10-25 00:00:00",554,419
"2018-10-26 00:00:00",541,378
"2018-10-27 00:00:00",556,417
"2018-10-28 00:00:00",554,392
"2018-10-29 00:00:00",566,389
"2018-10-30 00:00:00",576,393
"2018-10-31 00:00:00",572,419
"2018-11-01 00:00:00",642,444
"2018-11-02 00:00:00",622,428
"2018-11-03 00:00:00",535,367
"2018-11-04 00:00:00",561,453
"2018-11-05 00:00:00",559,466
"2018-11-06 00:00:00",584,408
"2018-11-07 00:00:00",584,365
"2018-11-08 00:00:00",607,431
"2018-11-09 00:00:00",582,480
"2018-11-10 00:00:00",547,413
"2018-11-11 00:00:00",570,359
"2018-11-12 00:00:00",603,397
"2018-11-13 00:00:00",676,451
"2018-11-14 00:00:00",630,468
"2018-11-15 00:00:00",624,498
"2018-11-16 00:00:00",589,499
"2018-11-17 00:00:00",547,470
"2018-11-18 00:00:00",523,456
"2018-11-19 00:00:00",526,395
"2018-11-20 00:00:00",529,436
"2018-11-21 00:00:00",579,464
"2018-11-22 00:00:00",594,458
"2018-11-23 00:00:00",537,431
"2018-11-24 00:00:00",555,447
"2018-11-25 00:00:00",505,379
"2018-11-26 00:00:00",570,527
"2018-11-27 00:00:00",560,486
"2018-11-28 00:00:00",582,446
"2018-11-29 00:00:00",579,408
"2018-11-30 00:00:00",693,425
"2018-12-01 00:00:00",622,493
"2018-12-02 00:00:00",574,455
"2018-12-03 00:00:00",574,433
"2018-12-04 00:00:00",557,439
"2018-12-05 00:00:00",612,2265
"2018-12-06 00:00:00",599,467
"2018-12-07 00:00:00",577,546
"2018-12-08 00:00:00",582,681
"2018-12-09 00:00:00",545,505
"2018-12-10 00:00:00",509,485
"2018-12-11 00:00:00",515,407
"2018-12-12 00:00:00",528,422
"2018-12-13 00:00:00",537,455
"2018-12-14 00:00:00",527,482
"2018-12-15 00:00:00",569,506
"2018-12-16 00:00:00",608,505
"2018-12-17 00:00:00",564,394
"2018-12-18 00:00:00",576,431
"2018-12-19 00:00:00",620,426
"2018-12-20 00:00:00",625,443
"2018-12-21 00:00:00",669,470
"2018-12-22 00:00:00",625,465
"2018-12-23 00:00:00",868,462
"2018-12-24 00:00:00",546,421
"2018-12-25 00:00:00",520,357
"2018-12-26 00:00:00",497,414
"2018-12-27 00:00:00",551,400
"2018-12-28 00:00:00",562,473
"2018-12-29 00:00:00",492,441
"2018-12-30 00:00:00",499,353
"2018-12-31 00:00:00",503,385
"2019-01-01 00:00:00",442,419
"2019-01-02 00:00:00",526,373
"2019-01-03 00:00:00",585,419
"2019-01-04 00:00:00",579,441
"2019-01-05 00:00:00",533,377
"2019-01-06 00:00:00",515,432
"2019-01-07 00:00:00",497,356
"2019-01-08 00:00:00",520,411
"2019-01-09 00:00:00",513,415
"2019-01-10 00:00:00",551,464
"2019-01-11 00:00:00",823,559
"2019-01-12 00:00:00",677,463
"2019-01-13 00:00:00",679,474
"2019-01-14 00:00:00",618,432
"2019-01-15 00:00:00",638,439
"2019-01-16 00:00:00",646,433
"2019-01-17 00:00:00",647,467
"2019-01-18 00:00:00",613,432
"2019-01-19 00:00:00",613,502
"2019-01-20 00:00:00",602,508
"2019-01-21 00:00:00",635,454
"2019-01-22 00:00:00",538,426
"2019-01-23 00:00:00",597,510
"2019-01-24 00:00:00",582,477
"2019-01-25 00:00:00",606,531
"2019-01-26 00:00:00",646,579
"2019-01-27 00:00:00",692,532
"2019-01-28 00:00:00",785,621
"2019-01-29 00:00:00",647,564
"2019-01-30 00:00:00",610,518
"2019-01-31 00:00:00",549,436
"2019-02-01 00:00:00",638,588
"2019-02-02 00:00:00",577,498
"2019-02-03 00:00:00",646,543
"2019-02-04 00:00:00",604,558
"2019-02-05 00:00:00",611,540
"2019-02-06 00:00:00",594,491
"2019-02-07 00:00:00",605,560
"2019-02-08 00:00:00",542,488
"2019-02-09 00:00:00",614,645
"2019-02-10 00:00:00",613,566
"2019-02-11 00:00:00",585,421
"2019-02-12 00:00:00",601,477
"2019-02-13 00:00:00",607,516
"2019-02-14 00:00:00",664,511
"2019-02-15 00:00:00",620,550
"2019-02-16 00:00:00",792,548
"2019-02-17 00:00:00",690,577
"2019-02-18 00:00:00",653,547
"2019-02-19 00:00:00",580,480
"2019-02-20 00:00:00",559,622
"2019-02-21 00:00:00",586,527
"2019-02-22 00:00:00",547,439
"2019-02-23 00:00:00",569,553
"2019-02-24 00:00:00",525,423
"2019-02-25 00:00:00",460,338
"2019-02-26 00:00:00",582,415
"2019-02-27 00:00:00",604,441
"2019-02-28 00:00:00",528,395
"2019-03-01 00:00:00",671,583
"2019-03-02 00:00:00",737,672
"2019-03-03 00:00:00",645,657
"2019-03-04 00:00:00",677,583
"2019-03-05 00:00:00",704,613
"2019-03-06 00:00:00",670,642
"2019-03-07 00:00:00",673,606
"2019-03-08 00:00:00",713,647
"2019-03-09 00:00:00",679,622
"2019-03-10 00:00:00",654,638
"2019-03-11 00:00:00",630,599
"2019-03-12 00:00:00",702,649
"2019-03-13 00:00:00",638,613
"2019-03-14 00:00:00",643,551
"2019-03-15 00:00:00",615,618
"2019-03-16 00:00:00",678,643
"2019-03-17 00:00:00",675,610
"2019-03-18 00:00:00",655,537
"2019-03-19 00:00:00",675,562
"2019-03-20 00:00:00",703,591
"2019-03-21 00:00:00",693,616
"2019-03-22 00:00:00",792,680
"2019-03-23 00:00:00",731,666
"2019-03-24 00:00:00",708,665
"2019-03-25 00:00:00",752,735
"2019-03-26 00:00:00",721,744
"2019-03-27 00:00:00",737,678
"2019-03-28 00:00:00",777,688
"2019-03-29 00:00:00",1023,608
"2019-03-30 00:00:00",922,671
"2019-03-31 00:00:00",824,669
"2019-04-01 00:00:00",834,620
"2019-04-02 00:00:00",812,628
"2019-04-03 00:00:00",616,458
"2019-04-04 00:00:00",713,539
"2019-04-05 00:00:00",718,560
"2019-04-06 00:00:00",645,524
"2019-04-07 00:00:00",720,524
"2019-04-08 00:00:00",702,533
"2019-04-09 00:00:00",690,529
"2019-04-10 00:00:00",648,502
"2019-04-11 00:00:00",664,497
"2019-04-12 00:00:00",715,540
"2019-04-13 00:00:00",668,579
"2019-04-14 00:00:00",671,505
"2019-04-15 00:00:00",597,477
"2019-04-16 00:00:00",624,516
"2019-04-17 00:00:00",680,557
"2019-04-18 00:00:00",668,558
"2019-04-19 00:00:00",688,531
"2019-04-20 00:00:00",625,531
"2019-04-21 00:00:00",638,548
"2019-04-22 00:00:00",598,508
"2019-04-23 00:00:00",618,483
"2019-04-24 00:00:00",670,532
"2019-04-25 00:00:00",643,506
"2019-04-26 00:00:00",600,430
"2019-04-27 00:00:00",613,542
"2019-04-28 00:00:00",628,584
"2019-04-29 00:00:00",576,506
"2019-04-30 00:00:00",634,533
"2019-05-01 00:00:00",686,596
"2019-05-02 00:00:00",645,566
"2019-05-03 00:00:00",603,540
"2019-05-04 00:00:00",677,579
"2019-05-05 00:00:00",651,632
"2019-05-06 00:00:00",628,557
"2019-05-07 00:00:00",608,465
"2019-05-08 00:00:00",766,541
"2019-05-09 00:00:00",814,561
"2019-05-10 00:00:00",845,572
"2019-05-11 00:00:00",775,613
"2019-05-12 00:00:00",715,557
"2019-05-13 00:00:00",745,567
"2019-05-14 00:00:00",745,583
"2019-05-15 00:00:00",668,444
"2019-05-16 00:00:00",600,397
"2019-05-17 00:00:00",584,395
"2019-05-18 00:00:00",627,493
"2019-05-19 00:00:00",750,579
"2019-05-20 00:00:00",657,508
"2019-05-21 00:00:00",759,537
"2019-05-22 00:00:00",724,523
"2019-05-23 00:00:00",715,538
"2019-05-24 00:00:00",721,626
"2019-05-25 00:00:00",754,600
"2019-05-26 00:00:00",698,809
"2019-05-27 00:00:00",711,966
"2019-05-28 00:00:00",722,565
"2019-05-29 00:00:00",707,563
"2019-05-30 00:00:00",731,692
"2019-05-31 00:00:00",666,608
"2019-06-01 00:00:00",576,592
"2019-06-02 00:00:00",650,645
"2019-06-03 00:00:00",713,693
"2019-06-04 00:00:00",654,508
"2019-06-05 00:00:00",743,548
"2019-06-06 00:00:00",602,431
"2019-06-07 00:00:00",755,664
"2019-06-08 00:00:00",577,460
"2019-06-09 00:00:00",652,728
"2019-06-10 00:00:00",594,538
"2019-06-11 00:00:00",694,564
"2019-06-12 00:00:00",749,565
"2019-06-13 00:00:00",815,701
"2019-06-14 00:00:00",687,575
"2019-06-15 00:00:00",626,588
"2019-06-16 00:00:00",657,588
"2019-06-17 00:00:00",592,462
"2019-06-18 00:00:00",674,584
"2019-06-19 00:00:00",714,562
"2019-06-20 00:00:00",564,447
"2019-06-21 00:00:00",708,623
"2019-06-22 00:00:00",633,592
"2019-06-23 00:00:00",648,551
"2019-06-24 00:00:00",630,613
"2019-06-25 00:00:00",520,389
"2019-06-26 00:00:00",554,430
"2019-06-27 00:00:00",483,397
"2019-06-28 00:00:00",403,336
"2019-06-29 00:00:00",450,389
"2019-06-30 00:00:00",411,372
"2019-07-01 00:00:00",388,346
"2019-07-02 00:00:00",392,329
"2019-07-03 00:00:00",454,362
"2019-07-04 00:00:00",511,476
"2019-07-05 00:00:00",480,417
"2019-07-06 00:00:00",512,476
"2019-07-07 00:00:00",526,462
"2019-07-08 00:00:00",493,383
"2019-07-09 00:00:00",568,486
"2019-07-10 00:00:00",571,513
"2019-07-11 00:00:00",438,424
"2019-07-12 00:00:00",525,501
"2019-07-13 00:00:00",518,495
"2019-07-14 00:00:00",497,445
"2019-07-15 00:00:00",504,425
"2019-07-16 00:00:00",309,230
"2019-07-17 00:00:00",520,450
"2019-07-18 00:00:00",560,459
"2019-07-19 00:00:00",505,458
"2019-07-20 00:00:00",532,470
"2019-07-21 00:00:00",506,519
"2019-07-22 00:00:00",496,405
"2019-07-23 00:00:00",549,441
"2019-07-24 00:00:00",499,422
"2019-07-25 00:00:00",457,378
"2019-07-26 00:00:00",561,511
"2019-07-27 00:00:00",505,411
"2019-07-28 00:00:00",519,423
"2019-07-29 00:00:00",538,422
"2019-07-30 00:00:00",551,414
"2019-07-31 00:00:00",578,437
"2019-08-01 00:00:00",495,405
"2019-08-02 00:00:00",515,390
"2019-08-03 00:00:00",507,475
"2019-08-04 00:00:00",545,505
"2019-08-05 00:00:00",558,471
"2019-08-06 00:00:00",514,386
"2019-08-07 00:00:00",562,495
"2019-08-08 00:00:00",571,442
"2019-08-09 00:00:00",572,425
"2019-08-10 00:00:00",497,395
"2019-08-11 00:00:00",525,430
"2019-08-12 00:00:00",566,465
"2019-08-13 00:00:00",585,458
"2019-08-14 00:00:00",591,459
"2019-08-15 00:00:00",541,452
"2019-08-16 00:00:00",523,428
"2019-08-17 00:00:00",518,592
"2019-08-18 00:00:00",504,503
"2019-08-19 00:00:00",462,350
"2019-08-20 00:00:00",535,366
"2019-08-21 00:00:00",494,381
"2019-08-22 00:00:00",506,462
"2019-08-23 00:00:00",502,547
"2019-08-24 00:00:00",544,525
"2019-08-25 00:00:00",507,411
"2019-08-26 00:00:00",537,329
"2019-08-27 00:00:00",518,397
"2019-08-28 00:00:00",514,429
"2019-08-29 00:00:00",538,441
"2019-08-30 00:00:00",492,388
"2019-08-31 00:00:00",548,545
"2019-09-01 00:00:00",527,478
"2019-09-02 00:00:00",523,463
"2019-09-03 00:00:00",473,393
"2019-09-04 00:00:00",460,387
"2019-09-05 00:00:00",382,342
"2019-09-06 00:00:00",381,303
"2019-09-07 00:00:00",336,323
"2019-09-08 00:00:00",309,269
"2019-09-09 00:00:00",310,248
"2019-09-10 00:00:00",327,266
"2019-09-11 00:00:00",336,275
"2019-09-12 00:00:00",324,307
"2019-09-13 00:00:00",343,289
"2019-09-14 00:00:00",344,327
"2019-09-15 00:00:00",325,304
"2019-09-16 00:00:00",327,244
"2019-09-17 00:00:00",319,274
"2019-09-18 00:00:00",321,246
"2019-09-19 00:00:00",329,253
"2019-09-20 00:00:00",282,226
"2019-09-21 00:00:00",375,354
"2019-09-22 00:00:00",372,289
"2019-09-23 00:00:00",349,302
"2019-09-24 00:00:00",331,262
"2019-09-25 00:00:00",321,295
"2019-09-26 00:00:00",342,278
"2019-09-27 00:00:00",297,255
"2019-09-28 00:00:00",351,312
"2019-09-29 00:00:00",477,324
"2019-09-30 00:00:00",389,310
"2019-10-01 00:00:00",487,387
"2019-10-02 00:00:00",429,374
"2019-10-03 00:00:00",392,393
"2019-10-04 00:00:00",407,340
"2019-10-05 00:00:00",426,414
"2019-10-06 00:00:00",401,493
"2019-10-07 00:00:00",426,418
"2019-10-08 00:00:00",448,460
"2019-10-09 00:00:00",652,427
"2019-10-10 00:00:00",448,488
"2019-10-11 00:00:00",443,536
"2019-10-12 00:00:00",416,415
"2019-10-13 00:00:00",480,400
"2019-10-14 00:00:00",544,319
"2019-10-15 00:00:00",762,397
"2019-10-16 00:00:00",723,484
"2019-10-17 00:00:00",735,437
"2019-10-18 00:00:00",794,519
"2019-10-19 00:00:00",696,526
"2019-10-20 00:00:00",1714,469
"2019-10-21 00:00:00",682,439
"2019-10-22 00:00:00",609,511
"2019-10-23 00:00:00",553,394
"2019-10-24 00:00:00",546,437
"2019-10-25 00:00:00",536,452
"2019-10-26 00:00:00",560,471
"2019-10-27 00:00:00",515,486
"2019-10-28 00:00:00",524,483
"2019-10-29 00:00:00",531,456
"2019-10-30 00:00:00",491,408
"2019-10-31 00:00:00",530,445
"2019-11-01 00:00:00",480,450
"2019-11-02 00:00:00",504,553
"2019-11-03 00:00:00",508,506
"2019-11-04 00:00:00",528,487
"2019-11-05 00:00:00",522,510
"2019-11-06 00:00:00",681,455
"2019-11-07 00:00:00",724,453
"2019-11-08 00:00:00",730,426
"2019-11-09 00:00:00",693,508
"2019-11-10 00:00:00",701,602
"2019-11-11 00:00:00",764,473
"2019-11-12 00:00:00",784,442
"2019-11-13 00:00:00",795,503
"2019-11-14 00:00:00",669,497
"2019-11-15 00:00:00",575,413
"2019-11-16 00:00:00",542,542
"2019-11-17 00:00:00",545,513
"2019-11-18 00:00:00",599,462
"2019-11-19 00:00:00",644,626
"2019-11-20 00:00:00",635,542
"2019-11-21 00:00:00",567,443
"2019-11-22 00:00:00",979,837
"2019-11-23 00:00:00",988,1013
"2019-11-24 00:00:00",942,929
"2019-11-25 00:00:00",809,780
"2019-11-26 00:00:00",815,787
"2019-11-27 00:00:00",849,849
"2019-11-28 00:00:00",782,834
"2019-11-29 00:00:00",816,911
"2019-11-30 00:00:00",876,969
"2019-12-01 00:00:00",814,976
"2019-12-02 00:00:00",802,869
"2019-12-03 00:00:00",766,818
"2019-12-04 00:00:00",760,755
"2019-12-05 00:00:00",905,805
"2019-12-06 00:00:00",738,661
"2019-12-07 00:00:00",727,809
"2019-12-08 00:00:00",735,938
"2019-12-09 00:00:00",783,894
"2019-12-10 00:00:00",791,820
"2019-12-11 00:00:00",768,776
"2019-12-12 00:00:00",778,799
"2019-12-13 00:00:00",742,782
"2019-12-14 00:00:00",719,845
"2019-12-15 00:00:00",698,811
"2019-12-16 00:00:00",725,855
"2019-12-17 00:00:00",738,707
"2019-12-18 00:00:00",884,675
"2019-12-19 00:00:00",869,796
"2019-12-20 00:00:00",852,755
"2019-12-21 00:00:00",861,892
"2019-12-22 00:00:00",906,1000
"2019-12-23 00:00:00",888,846
"2019-12-24 00:00:00",836,839
"2019-12-25 00:00:00",790,740
"2019-12-26 00:00:00",840,789
"2019-12-27 00:00:00",870,852
"2019-12-28 00:00:00",738,866
"2019-12-29 00:00:00",804,964
"2019-12-30 00:00:00",751,858
"2019-12-31 00:00:00",646,861
"2020-01-01 00:00:00",691,851
"2020-01-02 00:00:00",802,1095
"2020-01-03 00:00:00",845,1138
"2020-01-04 00:00:00",807,1283
"2020-01-05 00:00:00",844,1153
"2020-01-06 00:00:00",774,869
"2020-01-07 00:00:00",841,917
"2020-01-08 00:00:00",742,888
"2020-01-09 00:00:00",746,930
"2020-01-10 00:00:00",726,870
"2020-01-11 00:00:00",741,998
"2020-01-12 00:00:00",719,939
"2020-01-13 00:00:00",726,1023
"2020-01-14 00:00:00",767,891
"2020-01-15 00:00:00",779,892
"2020-01-16 00:00:00",690,768
"2020-01-17 00:00:00",758,823
"2020-01-18 00:00:00",753,910
"2020-01-19 00:00:00",799,958
"2020-01-20 00:00:00",818,929
"2020-01-21 00:00:00",863,887
"2020-01-22 00:00:00",839,976
"2020-01-23 00:00:00",890,1081
"2020-01-24 00:00:00",797,1143
"2020-01-25 00:00:00",771,1012
"2020-01-26 00:00:00",754,993
"2020-01-27 00:00:00",700,1009
"2020-01-28 00:00:00",804,971
"2020-01-29 00:00:00",760,998
"2020-01-30 00:00:00",711,821
"2020-01-31 00:00:00",698,817
"2020-02-01 00:00:00",755,870
"2020-02-02 00:00:00",709,710
"2020-02-03 00:00:00",657,979
"2020-02-04 00:00:00",579,637
"2020-02-05 00:00:00",559,838
"2020-02-06 00:00:00",588,610
"2020-02-07 00:00:00",566,628
"2020-02-08 00:00:00",693,844
"2020-02-09 00:00:00",623,910
"2020-02-10 00:00:00",663,784
"2020-02-11 00:00:00",1224,846
"2020-02-12 00:00:00",955,652
"2020-02-13 00:00:00",1106,737
"2020-02-14 00:00:00",936,698
"2020-02-15 00:00:00",886,658
"2020-02-16 00:00:00",843,687
"2020-02-17 00:00:00",922,784
"2020-02-18 00:00:00",1151,730
"2020-02-19 00:00:00",1159,781
"2020-02-20 00:00:00",1340,917
"2020-02-21 00:00:00",1129,1010
"2020-02-22 00:00:00",1062,1056
"2020-02-23 00:00:00",1031,1120
"2020-02-24 00:00:00",947,1132
"2020-02-25 00:00:00",908,1014
"2020-02-26 00:00:00",870,1026
"2020-02-27 00:00:00",908,1073
"2020-02-28 00:00:00",1948,1269
"2020-02-29 00:00:00",1259,1234
"2020-03-01 00:00:00",850,1088
"2020-03-02 00:00:00",891,936
"2020-03-03 00:00:00",905,931
"2020-03-04 00:00:00",788,1018
"2020-03-05 00:00:00",826,922
"2020-03-06 00:00:00",758,986
"2020-03-07 00:00:00",786,948
"2020-03-08 00:00:00",712,941
"2020-03-09 00:00:00",717,852
"2020-03-10 00:00:00",753,858
"2020-03-11 00:00:00",698,831
"2020-03-12 00:00:00",372,410
"2020-03-13 00:00:00",537,640
"2020-03-14 00:00:00",660,869
"2020-03-15 00:00:00",607,854
"2020-03-16 00:00:00",482,549
"2020-03-17 00:00:00",612,734
"2020-03-18 00:00:00",650,994
"2020-03-19 00:00:00",602,768
"2020-03-20 00:00:00",657,790
"2020-03-21 00:00:00",704,883
"2020-03-22 00:00:00",711,847
"2020-03-23 00:00:00",687,858
"2020-03-24 00:00:00",738,902
"2020-03-25 00:00:00",643,758
"2020-03-26 00:00:00",698,880
"2020-03-27 00:00:00",735,865
"2020-03-28 00:00:00",738,1064
"2020-03-29 00:00:00",739,891
"2020-03-30 00:00:00",763,886
"2020-03-31 00:00:00",1318,864
"2020-04-01 00:00:00",814,786
"2020-04-02 00:00:00",706,841
"2020-04-03 00:00:00",754,879
"2020-04-04 00:00:00",727,852
"2020-04-05 00:00:00",724,849
"2020-04-06 00:00:00",645,761
"2020-04-07 00:00:00",685,732
"2020-04-08 00:00:00",650,852
"2020-04-09 00:00:00",684,851
"2020-04-10 00:00:00",720,815
"2020-04-11 00:00:00",762,1013
"2020-04-12 00:00:00",808,983
"2020-04-13 00:00:00",778,836
"2020-04-14 00:00:00",787,844
"2020-04-15 00:00:00",784,863
"2020-04-16 00:00:00",759,846
"2020-04-17 00:00:00",826,881
"2020-04-18 00:00:00",832,824
"2020-04-19 00:00:00",785,958
"2020-04-20 00:00:00",746,668
"2020-04-21 00:00:00",774,719
"2020-04-22 00:00:00",781,808
"2020-04-23 00:00:00",794,736
"2020-04-24 00:00:00",733,763
"2020-04-25 00:00:00",777,909
"2020-04-26 00:00:00",729,779
"2020-04-27 00:00:00",690,732
"2020-04-28 00:00:00",758,810
"2020-04-29 00:00:00",652,581
"2020-04-30 00:00:00",633,520
"2020-05-01 00:00:00",777,783
"2020-05-02 00:00:00",793,823
"2020-05-03 00:00:00",794,811
"2020-05-04 00:00:00",673,687
"2020-05-05 00:00:00",755,766
"2020-05-06 00:00:00",703,599
"2020-05-07 00:00:00",615,574
"2020-05-08 00:00:00",677,630
"2020-05-09 00:00:00",672,685
"2020-05-10 00:00:00",651,556
"2020-05-11 00:00:00",639,537
"2020-05-12 00:00:00",618,537
"2020-05-13 00:00:00",617,515
"2020-05-14 00:00:00",548,512
"2020-05-15 00:00:00",715,588
"2020-05-16 00:00:00",766,699
"2020-05-17 00:00:00",782,698
"2020-05-18 00:00:00",707,621
"2020-05-19 00:00:00",702,575
"2020-05-20 00:00:00",698,651
"2020-05-21 00:00:00",618,519
"2020-05-22 00:00:00",735,641
"2020-05-23 00:00:00",852,1055
"2020-05-24 00:00:00",753,850
"2020-05-25 00:00:00",852,552
"2020-05-26 00:00:00",738,569
"2020-05-27 00:00:00",629,533
"2020-05-28 00:00:00",625,504
"2020-05-29 00:00:00",710,662
"2020-05-30 00:00:00",639,538
"2020-05-31 00:00:00",638,606
"2020-06-01 00:00:00",554,509
"2020-06-02 00:00:00",516,521
"2020-06-03 00:00:00",606,487
"2020-06-04 00:00:00",678,519
"2020-06-05 00:00:00",722,551
"2020-06-06 00:00:00",622,617
"2020-06-07 00:00:00",577,488
"2020-06-08 00:00:00",602,464
"2020-06-09 00:00:00",551,466
"2020-06-10 00:00:00",493,428
"2020-06-11 00:00:00",688,490
"2020-06-12 00:00:00",579,459
"2020-06-13 00:00:00",625,548
"2020-06-14 00:00:00",682,702
"2020-06-15 00:00:00",554,461
"2020-06-16 00:00:00",677,470
"2020-06-17 00:00:00",561,438
"2020-06-18 00:00:00",585,471
"2020-06-19 00:00:00",546,495
"2020-06-20 00:00:00",625,525
"2020-06-21 00:00:00",684,518
"2020-06-22 00:00:00",535,492
"2020-06-23 00:00:00",685,418
"2020-06-24 00:00:00",504,391
"2020-06-25 00:00:00",583,385
"2020-06-26 00:00:00",552,396
"2020-06-27 00:00:00",538,411
"2020-06-28 00:00:00",516,435
"2020-06-29 00:00:00",529,490
"2020-06-30 00:00:00",640,424
"2020-07-01 00:00:00",543,493
"2020-07-02 00:00:00",624,470
"2020-07-03 00:00:00",542,463
"2020-07-04 00:00:00",629,502
"2020-07-05 00:00:00",571,471
"2020-07-06 00:00:00",604,497
"2020-07-07 00:00:00",616,537
"2020-07-08 00:00:00",657,560
"2020-07-09 00:00:00",725,594
"2020-07-10 00:00:00",692,583
"2020-07-11 00:00:00",695,639
"2020-07-12 00:00:00",631,651
"2020-07-13 00:00:00",520,488
"2020-07-14 00:00:00",578,526
"2020-07-15 00:00:00",535,534
"2020-07-16 00:00:00",567,500
"2020-07-17 00:00:00",536,462
"2020-07-18 00:00:00",541,481
"2020-07-19 00:00:00",502,448
"2020-07-20 00:00:00",504,405
"2020-07-21 00:00:00",535,477
"2020-07-22 00:00:00",539,435
"2020-07-23 00:00:00",534,401
"2020-07-24 00:00:00",519,387
"2020-07-25 00:00:00",527,432
"2020-07-26 00:00:00",480,382
"2020-07-27 00:00:00",430,333
"2020-07-28 00:00:00",495,386
"2020-07-29 00:00:00",488,338
"2020-07-30 00:00:00",504,375
"2020-07-31 00:00:00",470,358
"2020-08-01 00:00:00",496,377
"2020-08-02 00:00:00",541,383
"2020-08-03 00:00:00",477,349
"2020-08-04 00:00:00",838,388
"2020-08-05 00:00:00",632,412
"2020-08-06 00:00:00",589,449
"2020-08-07 00:00:00",599,447
"2020-08-08 00:00:00",548,442
"2020-08-09 00:00:00",517,395
"2020-08-10 00:00:00",406,285
"2020-08-11 00:00:00",377,349
"2020-08-12 00:00:00",191,154
"2020-08-13 00:00:00",380,315
"2020-08-14 00:00:00",410,344
"2020-08-15 00:00:00",448,355
"2020-08-16 00:00:00",472,329
"2020-08-17 00:00:00",413,333
"2020-08-18 00:00:00",404,335
"2020-08-19 00:00:00",413,314
"2020-08-20 00:00:00",465,348
"2020-08-21 00:00:00",415,303
"2020-08-22 00:00:00",431,331
"2020-08-23 00:00:00",482,362
"2020-08-24 00:00:00",464,350
"2020-08-25 00:00:00",513,418
"2020-08-26 00:00:00",506,428
"2020-08-27 00:00:00",576,470
"2020-08-28 00:00:00",611,504
"2020-08-29 00:00:00",723,1062
"2020-08-30 00:00:00",647,913
"2020-08-31 00:00:00",442,489
"2020-09-01 00:00:00",163,121
"2020-09-02 00:00:00",306,219
"2020-09-03 00:00:00",416,303
"2020-09-04 00:00:00",505,476
"2020-09-05 00:00:00",399,329
"2020-09-06 00:00:00",562,521
"2020-09-07 00:00:00",576,502
"2020-09-08 00:00:00",563,544
"2020-09-09 00:00:00",588,496
"2020-09-10 00:00:00",507,469
"2020-09-11 00:00:00",559,498
"2020-09-12 00:00:00",555,526
"2020-09-13 00:00:00",551,538
"2020-09-14 00:00:00",480,449
"2020-09-15 00:00:00",936,584
"2020-09-16 00:00:00",835,527
"2020-09-17 00:00:00",509,168
"2020-09-18 00:00:00",864,539
"2020-09-19 00:00:00",744,656
"2020-09-20 00:00:00",833,643
"2020-09-21 00:00:00",709,649
"2020-09-22 00:00:00",1407,976
"2020-09-23 00:00:00",2426,1679
"2020-09-24 00:00:00",1467,1187
"2020-09-25 00:00:00",1382,1308
"2020-09-26 00:00:00",1370,1180
"2020-09-27 00:00:00",1368,1195
"2020-09-28 00:00:00",1220,1137
"2020-09-29 00:00:00",1005,994
"2020-09-30 00:00:00",961,821
"2020-10-01 00:00:00",925,786
"2020-10-02 00:00:00",898,791
"2020-10-03 00:00:00",1018,969
"2020-10-04 00:00:00",947,896
"2020-10-05 00:00:00",969,852
"2020-10-06 00:00:00",1001,948
"2020-10-07 00:00:00",965,951
"2020-10-08 00:00:00",963,848
"2020-10-09 00:00:00",1031,891
"2020-10-10 00:00:00",924,863
"2020-10-11 00:00:00",1067,1000
"2020-10-12 00:00:00",927,768
"2020-10-13 00:00:00",1034,803
"2020-10-14 00:00:00",975,908
"2020-10-15 00:00:00",1109,804
"2020-10-16 00:00:00",943,814
"2020-10-17 00:00:00",1037,979
"2020-10-18 00:00:00",1055,993
"2020-10-19 00:00:00",1013,825
"2020-10-20 00:00:00",892,796
"2020-10-21 00:00:00",930,693
"2020-10-22 00:00:00",867,783
"2020-10-23 00:00:00",911,903
"2020-10-24 00:00:00",1110,1076
"2020-10-25 00:00:00",1097,955
"2020-10-26 00:00:00",1062,967
"2020-10-27 00:00:00",1190,1008
"2020-10-28 00:00:00",1071,866
"2020-10-29 00:00:00",1121,937
"2020-10-30 00:00:00",1189,988
"2020-10-31 00:00:00",1289,1042
"2020-11-01 00:00:00",1183,977
"2020-11-02 00:00:00",962,791
"2020-11-03 00:00:00",1096,858
"2020-11-04 00:00:00",1054,826
"2020-11-05 00:00:00",1036,825
"2020-11-06 00:00:00",974,806
"2020-11-07 00:00:00",982,818
"2020-11-08 00:00:00",1226,968
"2020-11-09 00:00:00",1080,818
"2020-11-10 00:00:00",1343,991
"2020-11-11 00:00:00",1274,1018
"2020-11-12 00:00:00",2202,943
"2020-11-13 00:00:00",1328,860
"2020-11-14 00:00:00",1416,1044
"2020-11-15 00:00:00",1446,1087
"2020-11-16 00:00:00",1290,929
"2020-11-17 00:00:00",1063,848
"2020-11-18 00:00:00",1091,843
"2020-11-19 00:00:00",1331,1000
"2020-11-20 00:00:00",1076,810
"2020-11-21 00:00:00",1047,775
"2020-11-22 00:00:00",1130,772
"2020-11-23 00:00:00",850,646
"2020-11-24 00:00:00",841,616
"2020-11-25 00:00:00",1025,713
"2020-11-26 00:00:00",920,598
"2020-11-27 00:00:00",1357,907
"2020-11-28 00:00:00",1504,997
"2020-11-29 00:00:00",1399,1005
"2020-11-30 00:00:00",862,623
"2020-12-01 00:00:00",948,722
"2020-12-02 00:00:00",1221,791
"2020-12-03 00:00:00",1096,788
"2020-12-04 00:00:00",1212,817
"2020-12-05 00:00:00",1226,881
"2020-12-06 00:00:00",1324,957
"2020-12-07 00:00:00",1123,840
"2020-12-08 00:00:00",1162,864
"2020-12-09 00:00:00",1071,782
"2020-12-10 00:00:00",1165,904
"2020-12-11 00:00:00",1929,890
"2020-12-12 00:00:00",1389,1080
"2020-12-13 00:00:00",1331,1076
"2020-12-14 00:00:00",1075,832
"2020-12-15 00:00:00",991,790
"2020-12-16 00:00:00",984,719
"2020-12-17 00:00:00",629,509
"2020-12-18 00:00:00",1174,863
"2020-12-19 00:00:00",1187,840
"2020-12-20 00:00:00",1454,951
"2020-12-21 00:00:00",996,780
"2020-12-22 00:00:00",1151,936
"2020-12-23 00:00:00",1113,696
"2020-12-24 00:00:00",1013,849
"2020-12-25 00:00:00",865,751
"2020-12-26 00:00:00",904,788
"2020-12-27 00:00:00",857,771
"2020-12-28 00:00:00",789,663
"2020-12-29 00:00:00",861,725
"2020-12-30 00:00:00",792,615
"2020-12-31 00:00:00",855,592
"2021-01-01 00:00:00",1390,787
"2021-01-02 00:00:00",942,733
"2021-01-03 00:00:00",627,545
"2021-01-04 00:00:00",684,512
"2021-01-05 00:00:00",684,577
"2021-01-06 00:00:00",703,549
"2021-01-07 00:00:00",697,554
"2021-01-08 00:00:00",898,647
"2021-01-09 00:00:00",879,712
"2021-01-10 00:00:00",875,602
"2021-01-11 00:00:00",655,487
"2021-01-12 00:00:00",851,680
"2021-01-13 00:00:00",1041,773
"2021-01-14 00:00:00",1144,622
"2021-01-15 00:00:00",939,667
"2021-01-16 00:00:00",1007,593
"2021-01-17 00:00:00",944,657
"2021-01-18 00:00:00",971,720
"2021-01-19 00:00:00",844,622
"2021-01-20 00:00:00",1030,790
"2021-01-21 00:00:00",1006,684
"2021-01-22 00:00:00",1011,705
"2021-01-23 00:00:00",1050,732
"2021-01-24 00:00:00",1118,941
"2021-01-25 00:00:00",901,743
"2021-01-26 00:00:00",1241,864
"2021-01-27 00:00:00",1103,816
"2021-01-28 00:00:00",834,580
"2021-01-29 00:00:00",1077,634
"2021-01-30 00:00:00",1855,761
"2021-01-31 00:00:00",2480,810
"2021-02-01 00:00:00",2176,842
"2021-02-02 00:00:00",1518,1107
"2021-02-03 00:00:00",967,910
"2021-02-04 00:00:00",958,742
"2021-02-05 00:00:00",743,693
"2021-02-06 00:00:00",1295,812
"2021-02-07 00:00:00",1042,755
"2021-02-08 00:00:00",862,655
"2021-02-09 00:00:00",716,805
"2021-02-10 00:00:00",577,549
"2021-02-11 00:00:00",1512,1096
"2021-02-12 00:00:00",1335,906
"2021-02-13 00:00:00",1385,955
"2021-02-14 00:00:00",1557,1261
"2021-02-15 00:00:00",1479,1331
"2021-02-16 00:00:00",2063,1658
"2021-02-17 00:00:00",1742,1614
"2021-02-18 00:00:00",1584,1450
"2021-02-19 00:00:00",1537,1279
"2021-02-20 00:00:00",1390,1301
"2021-02-21 00:00:00",2303,1861
"2021-02-22 00:00:00",1752,1509
"2021-02-23 00:00:00",1054,965
"2021-02-24 00:00:00",2162,1832
"2021-02-25 00:00:00",2534,1981
"2021-02-26 00:00:00",2728,2836
"2021-02-27 00:00:00",3959,3161
"2021-02-28 00:00:00",3082,2343
"2021-03-01 00:00:00",3543,2176
"2021-03-02 00:00:00",3826,2771
"2021-03-03 00:00:00",3138,2438
"2021-03-04 00:00:00",3171,2498
"2021-03-05 00:00:00",3649,2459
"2021-03-06 00:00:00",3397,2519
"2021-03-07 00:00:00",3405,2135
"2021-03-08 00:00:00",3679,2366
"2021-03-09 00:00:00",3344,2424
"2021-03-10 00:00:00",4124,2375
"2021-03-11 00:00:00",3442,2467
"2021-03-12 00:00:00",3332,2459
"2021-03-13 00:00:00",4555,2877
"2021-03-14 00:00:00",4232,3276
"2021-03-15 00:00:00",3616,2921
"2021-03-16 00:00:00",4188,2748
"2021-03-17 00:00:00",4813,2673
"2021-03-18 00:00:00",4113,2895
"2021-03-19 00:00:00",4085,2642
"2021-03-20 00:00:00",4616,2521
"2021-03-21 00:00:00",4915,2695
"2021-03-22 00:00:00",3420,2417
"2021-03-23 00:00:00",3432,2161
"2021-03-24 00:00:00",2640,1900
"2021-03-25 00:00:00",2666,1935
"2021-03-26 00:00:00",2989,2004
"2021-03-27 00:00:00",3082,2104
"2021-03-28 00:00:00",3199,2119
"2021-03-29 00:00:00",3003,2104
"2021-03-30 00:00:00",2698,1915
"2021-03-31 00:00:00",2449,1653
"2021-04-01 00:00:00",2293,1895
"2021-04-02 00:00:00",2026,1286
"2021-04-03 00:00:00",2631,1942
"2021-04-04 00:00:00",3054,2289
"2021-04-05 00:00:00",2875,1802
"2021-04-06 00:00:00",2592,1730
"2021-04-07 00:00:00",3439,1806
"2021-04-08 00:00:00",3088,1934
"2021-04-09 00:00:00",3016,1983
"2021-04-10 00:00:00",3272,2056
"2021-04-11 00:00:00",3340,2119
"2021-04-12 00:00:00",2864,1817
"2021-04-13 00:00:00",2756,1857
"2021-04-14 00:00:00",3172,1557
"2021-04-15 00:00:00",2515,1463
"2021-04-16 00:00:00",2853,1685
"2021-04-17 00:00:00",2624,1481
"2021-04-18 00:00:00",2380,1466
"2021-04-19 00:00:00",1851,1162
"2021-04-20 00:00:00",1522,669
"2021-04-21 00:00:00",2279,1474
"2021-04-22 00:00:00",2623,1444
"2021-04-23 00:00:00",3058,1724
"2021-04-24 00:00:00",2614,1602
"2021-04-25 00:00:00",2979,1668
"2021-04-26 00:00:00",2690,1394
"2021-04-27 00:00:00",2934,1596
"2021-04-28 00:00:00",2569,1471
"2021-04-29 00:00:00",2598,1626
"2021-04-30 00:00:00",3386,2069
"2021-05-01 00:00:00",4321,2391
"2021-05-02 00:00:00",3693,2457
"2021-05-03 00:00:00",6067,2537
"2021-05-04 00:00:00",3976,2669
"2021-05-05 00:00:00",3441,2295
"2021-05-06 00:00:00",3141,2239
"2021-05-07 00:00:00",3416,2301
"2021-05-08 00:00:00",2044,1410
"2021-05-09 00:00:00",2594,1773
"2021-05-10 00:00:00",1370,1025
"2021-05-11 00:00:00",2217,995
"2021-05-12 00:00:00",3764,1157
"2021-05-13 00:00:00",4250,1907
"2021-05-14 00:00:00",4264,2347
"2021-05-15 00:00:00",3883,2551
"2021-05-16 00:00:00",3788,2402
"2021-05-17 00:00:00",3465,2369
"2021-05-18 00:00:00",3670,2671
"2021-05-19 00:00:00",2722,2068
"2021-05-20 00:00:00",3592,2699
"2021-05-21 00:00:00",4141,2836
"2021-05-22 00:00:00",6612,2919
"2021-05-23 00:00:00",7340,2509
"2021-05-24 00:00:00",4895,2614
"2021-05-25 00:00:00",5125,2992
"2021-05-26 00:00:00",4492,2676
"2021-05-27 00:00:00",5665,3023
"2021-05-28 00:00:00",5415,3296
"2021-05-29 00:00:00",5539,3646
"2021-05-30 00:00:00",6021,4108
"2021-05-31 00:00:00",5799,3833
"2021-06-01 00:00:00",5961,4310
"2021-06-02 00:00:00",5379,3879
"2021-06-03 00:00:00",5085,3670
"2021-06-04 00:00:00",5711,3894
"2021-06-05 00:00:00",5796,3846
"2021-06-06 00:00:00",5998,3836
"2021-06-07 00:00:00",6061,3876
"2021-06-08 00:00:00",6380,4039
"2021-06-09 00:00:00",6541,3926
"2021-06-10 00:00:00",6783,4104
"2021-06-11 00:00:00",8595,4350
"2021-06-12 00:00:00",6398,4246
"2021-06-13 00:00:00",6771,4501
"2021-06-14 00:00:00",7487,4209
"2021-06-15 00:00:00",8996,4794
"2021-06-16 00:00:00",8099,4945
"2021-06-17 00:00:00",7846,4790
"2021-06-18 00:00:00",10209,5740
"2021-06-19 00:00:00",9312,6230
"2021-06-20 00:00:00",10783,6856
"2021-06-21 00:00:00",10954,7395
"2021-06-22 00:00:00",9197,6715
"2021-06-23 00:00:00",9225,6598
"2021-06-24 00:00:00",10524,6998
"2021-06-25 00:00:00",11872,7133
"2021-06-26 00:00:00",11733,8022
"2021-06-27 00:00:00",14067,8562
"2021-06-28 00:00:00",12761,8703
"2021-06-29 00:00:00",13887,9118
"2021-06-30 00:00:00",17580,9118
"2021-07-01 00:00:00",16218,9219
"2021-07-02 00:00:00",14596,8922
"2021-07-03 00:00:00",15711,9614
"2021-07-04 00:00:00",15274,9872
"2021-07-05 00:00:00",15973,9242
"2021-07-06 00:00:00",16080,10490
"2021-07-07 00:00:00",17544,10845
"2021-07-08 00:00:00",19594,11309
"2021-07-09 00:00:00",18125,11094
"2021-07-10 00:00:00",17660,10849
"2021-07-11 00:00:00",16279,9874
"2021-07-12 00:00:00",13695,8511
"2021-07-13 00:00:00",15266,10045
"2021-07-14 00:00:00",17555,11500
"2021-07-15 00:00:00",29111,13296
"2021-07-16 00:00:00",28538,12601
"2021-07-17 00:00:00",23674,12189
"2021-07-18 00:00:00",19607,10762
"2021-07-19 00:00:00",21135,11775
"2021-07-20 00:00:00",23217,12119
"2021-07-21 00:00:00",21733,12264
"2021-07-22 00:00:00",26244,11778
"2021-07-23 00:00:00",31094,16409
"2021-07-24 00:00:00",25391,15552
"2021-07-25 00:00:00",27019,13993
"2021-07-26 00:00:00",21584,10817
"2021-07-27 00:00:00",21291,10749
"2021-07-28 00:00:00",26155,12899
"2021-07-29 00:00:00",28562,14730
"2021-07-30 00:00:00",28570,13827
"2021-07-31 00:00:00",29223,14080
"2021-08-01 00:00:00",28770,15374
"2021-08-02 00:00:00",30456,15372
"2021-08-03 00:00:00",36012,19574
"2021-08-04 00:00:00",34529,20003
"2021-08-05 00:00:00",38478,20587
"2021-08-06 00:00:00",42124,21838
"2021-08-07 00:00:00",40083,19550
"2021-08-08 00:00:00",42364,20454
"2021-08-09 00:00:00",47760,24478
"2021-08-10 00:00:00",47241,26562
"2021-08-11 00:00:00",47921,27324
"2021-08-12 00:00:00",47104,26032
"2021-08-13 00:00:00",45387,25311
"2021-08-14 00:00:00",46093,25861
"2021-08-15 00:00:00",50030,25825
"2021-08-16 00:00:00",50365,27809
"2021-08-17 00:00:00",49909,29316
"2021-08-18 00:00:00",45110,27708
"2021-08-19 00:00:00",45589,26910
"2021-08-20 00:00:00",45393,27640
"2021-08-21 00:00:00",47222,29670
"2021-08-22 00:00:00",44835,30836
"2021-08-23 00:00:00",45204,30032
"2021-08-24 00:00:00",49059,32551
"2021-08-25 00:00:00",48592,32579
"2021-08-26 00:00:00",51471,33080
"2021-08-27 00:00:00",54390,29786
"2021-08-28 00:00:00",53519,32427
"2021-08-29 00:00:00",55357,33326
"2021-08-30 00:00:00",52078,34990
"2021-08-31 00:00:00",48929,32377
"2021-09-01 00:00:00",46453,28029
"2021-09-02 00:00:00",41108,25805
"2021-09-03 00:00:00",42631,27845
"2021-09-04 00:00:00",48053,32299
"2021-09-05 00:00:00",48239,32425
"2021-09-06 00:00:00",49186,32148
"2021-09-07 00:00:00",47233,30797
"2021-09-08 00:00:00",44732,29309
"2021-09-09 00:00:00",50254,30516
"2021-09-10 00:00:00",43635,28989
"2021-09-11 00:00:00",45650,28150
"2021-09-12 00:00:00",48069,27345
"2021-09-13 00:00:00",42159,27232
"2021-09-14 00:00:00",43160,28253
"2021-09-15 00:00:00",49228,29429
"2021-09-16 00:00:00",49258,30684
"2021-09-17 00:00:00",45604,28886
"2021-09-18 00:00:00",51441,31808
"2021-09-19 00:00:00",46936,31726
"2021-09-20 00:00:00",45261,29150
"2021-09-21 00:00:00",44514,31246
"2021-09-22 00:00:00",45424,30142
"2021-09-23 00:00:00",60210,43735
"2021-09-24 00:00:00",66084,41363
"2021-09-25 00:00:00",59954,37305
"2021-09-26 00:00:00",55012,35247
"2021-09-27 00:00:00",56402,35653
"2021-09-28 00:00:00",54118,36840
"2021-09-29 00:00:00",56748,36636
"2021-09-30 00:00:00",52588,31932
"2021-10-01 00:00:00",57889,36334
"2021-10-02 00:00:00",53397,39194
"2021-10-03 00:00:00",54473,39512
"2021-10-04 00:00:00",62988,52468
"2021-10-05 00:00:00",57539,50363
"2021-10-06 00:00:00",53147,43399
"2021-10-07 00:00:00",57969,39827
"2021-10-08 00:00:00",60186,38922
"2021-10-09 00:00:00",51521,38188
"2021-10-10 00:00:00",54130,37368
"2021-10-11 00:00:00",54179,35430
"2021-10-12 00:00:00",54366,36463
"2021-10-13 00:00:00",60175,35053
"2021-10-14 00:00:00",49379,31240
"2021-10-15 00:00:00",48907,34461
"2021-10-16 00:00:00",55203,35833
"2021-10-17 00:00:00",56104,35812
"2021-10-18 00:00:00",56780,35724
"2021-10-19 00:00:00",47539,33566
"2021-10-20 00:00:00",49391,33237
"2021-10-21 00:00:00",55294,32679
"2021-10-22 00:00:00",55212,34373
"2021-10-23 00:00:00",53614,36522
"2021-10-24 00:00:00",45441,33323
"2021-10-25 00:00:00",47733,34077
"2021-10-26 00:00:00",45594,32521
"2021-10-27 00:00:00",46572,31835
"2021-10-28 00:00:00",43408,30134
"2021-10-29 00:00:00",44732,31884
"2021-10-30 00:00:00",42309,33800
"2021-10-31 00:00:00",44655,36768
"2021-11-01 00:00:00",45983,36816
"2021-11-02 00:00:00",54808,41999
"2021-11-03 00:00:00",52724,40656
"2021-11-04 00:00:00",66152,57867
"2021-11-05 00:00:00",79446,69312
"2021-11-06 00:00:00",69393,54610
"2021-11-07 00:00:00",67010,49130
"2021-11-08 00:00:00",64947,43696
"2021-11-09 00:00:00",61871,42903
"2021-11-10 00:00:00",73217,55134
"2021-11-11 00:00:00",68741,50949
"2021-11-12 00:00:00",63803,46851
"2021-11-13 00:00:00",69111,48373
"2021-11-14 00:00:00",64356,46816
"2021-11-15 00:00:00",55359,39884
"2021-11-16 00:00:00",57225,43921
"2021-11-17 00:00:00",60609,44906
"2021-11-18 00:00:00",70524,53456
"2021-11-19 00:00:00",69023,51360
"2021-11-20 00:00:00",65594,48204
"2021-11-21 00:00:00",60869,44851
"2021-11-22 00:00:00",67857,48868
"2021-11-23 00:00:00",62288,43750
"2021-11-24 00:00:00",63891,45874
"2021-11-25 00:00:00",61774,42008
"2021-11-26 00:00:00",55020,40537
"2021-11-27 00:00:00",58331,41446
"2021-11-28 00:00:00",61537,41087
"2021-11-29 00:00:00",59833,42588
"2021-11-30 00:00:00",60003,39723
"2021-12-01 00:00:00",57718,38975
"2021-12-02 00:00:00",58458,40953
"2021-12-03 00:00:00",51059,38751
"2021-12-04 00:00:00",55660,36053
"2021-12-05 00:00:00",55197,35334
"2021-12-06 00:00:00",49700,33005
"2021-12-07 00:00:00",51818,34138
"2021-12-08 00:00:00",58700,43707
"2021-12-09 00:00:00",47912,38460
"2021-12-10 00:00:00",47877,34357
"2021-12-11 00:00:00",57736,32803
"2021-12-12 00:00:00",51851,32397
"2021-12-13 00:00:00",51634,33134
"2021-12-14 00:00:00",50572,35682
"2021-12-15 00:00:00",49637,37061
"2021-12-16 00:00:00",53789,34852
"2021-12-17 00:00:00",48542,32525
"2021-12-18 00:00:00",44800,31659
"2021-12-19 00:00:00",41038,30563
"2021-12-20 00:00:00",41991,31306
"2021-12-21 00:00:00",39527,31211
"2021-12-22 00:00:00",44305,31602
"2021-12-23 00:00:00",50036,33464
"2021-12-24 00:00:00",41543,29886
"2021-12-25 00:00:00",32259,25870
"2021-12-26 00:00:00",42524,32867
"2021-12-27 00:00:00",43536,37258
"2021-12-28 00:00:00",47841,38808
"2021-12-29 00:00:00",41694,35539
"2021-12-30 00:00:00",51073,37789
"2021-12-31 00:00:00",40262,33797
"2022-01-01 00:00:00",37156,34222
"2022-01-02 00:00:00",43498,40995
"2022-01-03 00:00:00",44650,38620
"2022-01-04 00:00:00",51341,40249
"2022-01-05 00:00:00",53580,41481
"2022-01-06 00:00:00",50490,37764
"2022-01-07 00:00:00",49699,36393
"2022-01-08 00:00:00",48004,40367
"2022-01-09 00:00:00",52855,44926
"2022-01-10 00:00:00",40212,32748
"2022-01-11 00:00:00",50741,36472
"2022-01-12 00:00:00",51161,35636
"2022-01-13 00:00:00",53676,39803
"2022-01-14 00:00:00",52893,37724
"2022-01-15 00:00:00",53264,42752
"2022-01-16 00:00:00",69456,50975
"2022-01-17 00:00:00",60472,48951
"2022-01-18 00:00:00",54707,40217
"2022-01-19 00:00:00",66925,43536
"2022-01-20 00:00:00",74144,59638
"2022-01-21 00:00:00",56335,43800
"2022-01-22 00:00:00",44495,34959
"2022-01-23 00:00:00",48699,37401
"2022-01-24 00:00:00",45927,35336
"2022-01-25 00:00:00",53255,42126
"2022-01-26 00:00:00",54306,40024
"2022-01-27 00:00:00",53628,39239
"2022-01-28 00:00:00",52275,38125
"2022-01-29 00:00:00",52565,38277
"2022-01-30 00:00:00",54249,39927
"2022-01-31 00:00:00",53131,39627
"2022-02-01 00:00:00",58640,42657
"2022-02-02 00:00:00",62494,41737
"2022-02-03 00:00:00",56206,40143
"2022-02-04 00:00:00",52399,42601
"2022-02-05 00:00:00",40514,32497
"2022-02-06 00:00:00",44373,33739
"2022-02-07 00:00:00",55973,42707
"2022-02-08 00:00:00",56244,49028
"2022-02-09 00:00:00",59930,50496
"2022-02-10 00:00:00",59218,53003
"2022-02-11 00:00:00",50735,47676
"2022-02-12 00:00:00",54388,39950
"2022-02-13 00:00:00",46557,38637
"2022-02-14 00:00:00",40797,34313
"2022-02-15 00:00:00",40299,36358
"2022-02-16 00:00:00",36569,33274
"2022-02-17 00:00:00",37597,32382
"2022-02-18 00:00:00",35687,32459
"2022-02-19 00:00:00",38680,33753
"2022-02-20 00:00:00",37774,29891
"2022-02-21 00:00:00",48463,36609
"2022-02-22 00:00:00",50992,32719
"2022-02-23 00:00:00",53207,35505
"2022-02-24 00:00:00",35423,30099
"2022-02-25 00:00:00",36420,31431
"2022-02-26 00:00:00",40668,30364
"2022-02-27 00:00:00",33769,28412
"2022-02-28 00:00:00",33296,27206
"2022-03-01 00:00:00",34174,27234
"2022-03-02 00:00:00",38242,28451
"2022-03-03 00:00:00",32356,26766
"2022-03-04 00:00:00",36350,27738
"2022-03-05 00:00:00",34403,26523
"2022-03-06 00:00:00",26815,23821
"2022-03-07 00:00:00",28187,25026
"2022-03-08 00:00:00",24506,22636
"2022-03-09 00:00:00",26529,24153
"2022-03-10 00:00:00",24086,22546
"2022-03-11 00:00:00",24376,23047
"2022-03-12 00:00:00",23852,21677
"2022-03-13 00:00:00",23331,21404
"2022-03-14 00:00:00",22379,21055
"2022-03-15 00:00:00",25305,22847
"2022-03-16 00:00:00",22210,19768
"2022-03-17 00:00:00",23832,20116
"2022-03-18 00:00:00",21952,19439
"2022-03-19 00:00:00",20924,19209
"2022-03-20 00:00:00",21715,20000
"2022-03-21 00:00:00",20999,19156
"2022-03-22 00:00:00",20113,18152
"2022-03-23 00:00:00",22184,20097
"2022-03-24 00:00:00",22133,20458
"2022-03-25 00:00:00",23373,20501
"2022-03-26 00:00:00",16687,16319
"2022-03-27 00:00:00",19426,18630
"2022-03-28 00:00:00",21873,19475
"2022-03-29 00:00:00",19361,18327
"2022-03-30 00:00:00",15579,14873
"2022-03-31 00:00:00",13951,14052
"2022-04-01 00:00:00",12949,13239
"2022-04-02 00:00:00",16190,16645
"2022-04-03 00:00:00",19445,20045
"2022-04-04 00:00:00",19158,19270
"2022-04-05 00:00:00",16830,17683
"2022-04-06 00:00:00",28762,29942
"2022-04-07 00:00:00",29816,27467
"2022-04-08 00:00:00",24059,23046
"2022-04-09 00:00:00",20965,19787
"2022-04-10 00:00:00",19119,17208
"2022-04-11 00:00:00",17238,16033
"2022-04-12 00:00:00",16805,15523
"2022-04-13 00:00:00",20218,15610
"2022-04-14 00:00:00",23413,16984
"2022-04-15 00:00:00",19497,17034
"2022-04-16 00:00:00",27022,18558
"2022-04-17 00:00:00",17758,16144
"2022-04-18 00:00:00",21224,19436
"2022-04-19 00:00:00",20059,18115
"2022-04-20 00:00:00",17986,16092
"2022-04-21 00:00:00",18060,16439
"2022-04-22 00:00:00",19525,17102
"2022-04-23 00:00:00",22442,17561
"2022-04-24 00:00:00",21843,17891
"2022-04-25 00:00:00",21942,21205
"2022-04-26 00:00:00",25080,20315
"2022-04-27 00:00:00",30889,20548
"2022-04-28 00:00:00",31161,18427
"2022-04-29 00:00:00",20886,15056
"2022-04-30 00:00:00",23207,16150
"2022-05-01 00:00:00",56654,23015
"2022-05-02 00:00:00",36911,21836
"2022-05-03 00:00:00",32017,19595
"2022-05-04 00:00:00",26125,17278
"2022-05-05 00:00:00",30234,18072
"2022-05-06 00:00:00",27289,17371
"2022-05-07 00:00:00",24735,16024
"2022-05-08 00:00:00",17522,13029
"2022-05-09 00:00:00",20148,14429
"2022-05-10 00:00:00",23390,18198
"2022-05-11 00:00:00",14259,12932
"2022-05-12 00:00:00",13954,11660
"2022-05-13 00:00:00",15849,14558
"2022-05-14 00:00:00",14783,13518
"2022-05-15 00:00:00",12745,10940
"2022-05-16 00:00:00",13440,11261
"2022-05-17 00:00:00",13752,11916
"2022-05-18 00:00:00",14718,12415
"2022-05-19 00:00:00",15695,13675
"2022-05-20 00:00:00",22445,16265
"2022-05-21 00:00:00",21470,17858
"2022-05-22 00:00:00",20971,15534
"2022-05-23 00:00:00",14925,12696
"2022-05-24 00:00:00",13223,10931
"2022-05-25 00:00:00",21041,15695
"2022-05-26 00:00:00",18342,15935
"2022-05-27 00:00:00",15186,13179
"2022-05-28 00:00:00",15245,12092
"2022-05-29 00:00:00",13367,10992
"2022-05-30 00:00:00",11732,9810
"2022-05-31 00:00:00",15248,11996
"2022-06-01 00:00:00",12717,11003
"2022-06-02 00:00:00",15009,12733
"2022-06-03 00:00:00",21849,17201
"2022-06-04 00:00:00",15048,12863
"2022-06-05 00:00:00",17134,12631
"2022-06-06 00:00:00",15121,13926
"2022-06-07 00:00:00",16722,15456
"2022-06-08 00:00:00",16327,14372
"2022-06-09 00:00:00",12915,10928
"2022-06-10 00:00:00",12040,10268
"2022-06-11 00:00:00",11169,9419
"2022-06-12 00:00:00",11131,9395
"2022-06-13 00:00:00",12144,10638
"2022-06-14 00:00:00",13642,11950
"2022-06-15 00:00:00",12578,10883
"2022-06-16 00:00:00",11509,9971
"2022-06-17 00:00:00",11133,10499
"2022-06-18 00:00:00",16784,11592
"2022-06-19 00:00:00",11726,11492
"2022-06-20 00:00:00",11225,11068
"2022-06-21 00:00:00",10142,10049
"2022-06-22 00:00:00",10845,11272
"2022-06-23 00:00:00",11956,13015
"2022-06-24 00:00:00",12431,12619
"2022-06-25 00:00:00",15660,10907
"2022-06-26 00:00:00",10771,9972
"2022-06-27 00:00:00",10855,9526
"2022-06-28 00:00:00",11139,9854
"2022-06-29 00:00:00",12664,11367
"2022-06-30 00:00:00",12339,12000
"2022-07-01 00:00:00",13235,12705
"2022-07-02 00:00:00",13441,12180
"2022-07-03 00:00:00",16503,11835
"2022-07-04 00:00:00",17700,13595
"2022-07-05 00:00:00",15997,13699
"2022-07-06 00:00:00",16027,13692
"2022-07-07 00:00:00",14863,16290
"2022-07-08 00:00:00",14715,14809
"2022-07-09 00:00:00",13442,11962
"2022-07-10 00:00:00",12817,10834
"2022-07-11 00:00:00",12838,11755
"2022-07-12 00:00:00",12553,11286
"2022-07-13 00:00:00",13707,13163
"2022-07-14 00:00:00",14781,15728
"2022-07-15 00:00:00",13060,12532
"2022-07-16 00:00:00",12199,11085
"2022-07-17 00:00:00",11374,9864
"2022-07-18 00:00:00",12430,10035
"2022-07-19 00:00:00",11681,8264