DateTime,Average USD,Sales USD
2017-06-23 0:00,53.7,1020.3
2017-06-24 0:00,59.09,1240.84
2017-06-25 0:00,39.81,517.55
2017-06-26 0:00,30.33,424.63
2017-06-27 0:00,63.42,2092.91
2017-06-28 0:00,83.15,1247.26
2017-06-29 0:00,57.52,2185.72
2017-06-30 0:00,81.34,1708.15
2017-07-01 0:00,314.08,3140.8
2017-07-02 0:00,94.34,2924.61
2017-07-03 0:00,142.15,7249.8
2017-07-04 0:00,232.86,13505.93
2017-07-05 0:00,102.24,1840.28
2017-07-06 0:00,305.31,7022.18
2017-07-07 0:00,191.42,7082.51
2017-07-08 0:00,107.6,3227.88
2017-07-09 0:00,80.76,969.1
2017-07-10 0:00,288.83,4910.06
2017-07-11 0:00,132.78,5709.37
2017-07-12 0:00,104.63,1778.73
2017-07-13 0:00,171,5300.97
2017-07-14 0:00,64.06,448.4
2017-07-15 0:00,109.94,549.69
2017-07-16 0:00,106.4,319.2
2017-07-17 0:00,290.44,1452.2
2017-07-18 0:00,97.39,2921.67
2017-07-19 0:00,110.86,3436.75
2017-07-20 0:00,112.03,2352.71
2017-07-21 0:00,101.67,2135
2017-07-22 0:00,80.37,1044.77
2017-07-23 0:00,70.28,421.7
2017-07-24 0:00,75.12,1126.82
2017-07-25 0:00,221.18,1769.47
2017-07-26 0:00,62.9,314.52
2017-07-27 0:00,55.88,111.75
2017-07-28 0:00,74.8,374
2017-07-29 0:00,125.85,1006.8
2017-07-30 0:00,92.44,1478.99
2017-07-31 0:00,106.73,213.45
2017-08-01 0:00,54.5,109
2017-08-02 0:00,525.74,525.74
2017-08-03 0:00,219.04,4599.9
2017-08-04 0:00,0,0
2017-08-05 0:00,759.47,1518.93
2017-08-06 0:00,0,0
2017-08-07 0:00,76.52,76.52
2017-08-08 0:00,199.52,997.6
2017-08-09 0:00,89.12,267.36
2017-08-10 0:00,90.52,181.03
2017-08-11 0:00,82.42,659.37
2017-08-12 0:00,61.09,1038.52
2017-08-13 0:00,115.04,805.29
2017-08-14 0:00,167.96,503.88
2017-08-15 0:00,65.22,260.89
2017-08-16 0:00,105.01,210.03
2017-08-17 0:00,75.14,150.29
2017-08-18 0:00,88.83,88.83
2017-08-19 0:00,118.65,118.65
2017-08-20 0:00,162.34,162.34
2017-08-21 0:00,99.08,792.62
2017-08-22 0:00,87.41,87.41
2017-08-23 0:00,77.61,155.23
2017-08-24 0:00,0,0
2017-08-25 0:00,85.55,256.64
2017-08-26 0:00,98.96,98.96
2017-08-27 0:00,0,0
2017-08-28 0:00,127.32,1145.85
2017-08-29 0:00,91.7,91.7
2017-08-30 0:00,87.15,174.3
2017-08-31 0:00,103.39,103.39
2017-09-01 0:00,101.22,506.11
2017-09-02 0:00,23.09,69.28
2017-09-03 0:00,0,0
2017-09-04 0:00,104.9,314.7
2017-09-05 0:00,0,0
2017-09-06 0:00,0,0
2017-09-07 0:00,0,0
2017-09-08 0:00,76.12,76.12
2017-09-09 0:00,0,0
2017-09-10 0:00,67.34,202.02
2017-09-11 0:00,69.67,139.34
2017-09-12 0:00,40.68,81.36
2017-09-13 0:00,0,0
2017-09-14 0:00,0,0
2017-09-15 0:00,0,0
2017-09-16 0:00,70.99,70.99
2017-09-17 0:00,66.86,133.72
2017-09-18 0:00,63.35,63.35
2017-09-19 0:00,94.65,378.6
2017-09-20 0:00,124.25,372.74
2017-09-21 0:00,52.14,208.55
2017-09-22 0:00,71.14,71.14
2017-09-23 0:00,60.89,243.57
2017-09-24 0:00,56.14,56.14
2017-09-25 0:00,0,0
2017-09-26 0:00,0,0
2017-09-27 0:00,105.75,423.01
2017-09-28 0:00,36.2,36.2
2017-09-29 0:00,44.91,314.35
2017-09-30 0:00,16.05,160.53
2017-10-01 0:00,449.51,449.51
2017-10-02 0:00,0,0
2017-10-03 0:00,0,0
2017-10-04 0:00,58.61,58.61
2017-10-05 0:00,0,0
2017-10-06 0:00,0,0
2017-10-07 0:00,0,0
2017-10-08 0:00,93.04,93.04
2017-10-09 0:00,26.63,26.63
2017-10-10 0:00,0,0
2017-10-11 0:00,66.71,66.71
2017-10-12 0:00,39.26,39.26
2017-10-13 0:00,88.71,354.85
2017-10-14 0:00,63.71,254.86
2017-10-15 0:00,59.25,177.76
2017-10-16 0:00,89.63,179.26
2017-10-17 0:00,0,0
2017-10-18 0:00,0,0
2017-10-19 0:00,27.76,27.76
2017-10-20 0:00,96.75,96.75
2017-10-21 0:00,78.18,78.18
2017-10-22 0:00,0,0
2017-10-23 0:00,0,0
2017-10-24 0:00,0,0
2017-10-25 0:00,44.77,44.77
2017-10-26 0:00,38.42,268.92
2017-10-27 0:00,29.79,178.76
2017-10-28 0:00,29.65,177.88
2017-10-29 0:00,21.26,21.26
2017-10-30 0:00,72.48,217.44
2017-10-31 0:00,36.93,221.59
2017-11-01 0:00,27.77,111.09
2017-11-02 0:00,37.32,111.96
2017-11-03 0:00,0,0
2017-11-04 0:00,29,86.99
2017-11-05 0:00,0,0
2017-11-06 0:00,0,0
2017-11-07 0:00,265.71,265.71
2017-11-08 0:00,0,0
2017-11-09 0:00,74.14,148.27
2017-11-10 0:00,0,0
2017-11-11 0:00,0,0
2017-11-12 0:00,91.11,91.11
2017-11-13 0:00,31.53,63.07
2017-11-14 0:00,67.79,67.79
2017-11-15 0:00,68.53,137.06
2017-11-16 0:00,0,0
2017-11-17 0:00,0,0
2017-11-18 0:00,0,0
2017-11-19 0:00,35.34,35.34
2017-11-20 0:00,36.58,146.31
2017-11-21 0:00,2.65,235.91
2017-11-22 0:00,17.56,526.91
2017-11-23 0:00,2.88,2306.45
2017-11-24 0:00,1.79,4999.15
2017-11-25 0:00,0.97,1884
2017-11-26 0:00,1.65,1957.53
2017-11-27 0:00,2.03,1902.34
2017-11-28 0:00,2.91,4327.13
2017-11-29 0:00,5.7,27040.18
2017-11-30 0:00,2.81,21065
2017-12-01 0:00,4.58,33471.6
2017-12-02 0:00,21.14,258501.64
2017-12-03 0:00,39.67,1012823.07
2017-12-04 0:00,68.88,2323214.47
2017-12-05 0:00,56.1,2200616.39
2017-12-06 0:00,58.98,1841329.24
2017-12-07 0:00,46.69,1683185.34
2017-12-08 0:00,47.1,2033129.6
2017-12-09 0:00,35.84,1746135.81
2017-12-10 0:00,26.22,1331445.47
2017-12-11 0:00,23.83,1089155.81
2017-12-12 0:00,21.53,799719.89
2017-12-13 0:00,20.98,605433.57
2017-12-14 0:00,19.26,587892.27
2017-12-15 0:00,19.19,437727.98
2017-12-16 0:00,21.65,480042.34
2017-12-17 0:00,21.73,402665.64
2017-12-18 0:00,17.75,310868.95
2017-12-19 0:00,18.67,233220.43
2017-12-20 0:00,16.38,261413.31
2017-12-21 0:00,19.09,198498.62
2017-12-22 0:00,15.74,150935.67
2017-12-23 0:00,13.37,148113.44
2017-12-24 0:00,12.24,128950.57
2017-12-25 0:00,14.29,118608.42
2017-12-26 0:00,16.73,117113.26
2017-12-27 0:00,13.2,113314.94
2017-12-28 0:00,12.09,115838.54
2017-12-29 0:00,13.56,110874.15
2017-12-30 0:00,12.36,79464.61
2017-12-31 0:00,14.84,100518.2
2018-01-01 0:00,15.33,110718.7
2018-01-02 0:00,15.94,103476.82
2018-01-03 0:00,15.34,56376.35
2018-01-04 0:00,22.87,58396.11
2018-01-05 0:00,20.88,42210.1
2018-01-06 0:00,29.33,82176.64
2018-01-07 0:00,20.23,62808.55
2018-01-08 0:00,23.08,57018.34
2018-01-09 0:00,31.53,56115.93
2018-01-10 0:00,39.22,52322.81
2018-01-11 0:00,25.55,51795.33
2018-01-12 0:00,25.09,61269.89
2018-01-13 0:00,24.89,61055.58
2018-01-14 0:00,29.12,80148.41
2018-01-15 0:00,27.34,49429.52
2018-01-16 0:00,27.39,54869.09
2018-01-17 0:00,20.09,44826.38
2018-01-18 0:00,19.14,51000.29
2018-01-19 0:00,23.99,73154.65
2018-01-20 0:00,49.37,154808.76
2018-01-21 0:00,20.87,63414.4
2018-01-22 0:00,12.84,67108.49
2018-01-23 0:00,14.08,79113.3
2018-01-24 0:00,17.63,50398.13
2018-01-25 0:00,17.43,41813.58
2018-01-26 0:00,20.03,57326.31
2018-01-27 0:00,17.44,54396.18
2018-01-28 0:00,27.62,73800.87
2018-01-29 0:00,19.85,47685.12
2018-01-30 0:00,19.14,56917.26
2018-01-31 0:00,29.87,111655.12
2018-02-01 0:00,16.43,40309.44
2018-02-02 0:00,20.21,55254.01
2018-02-03 0:00,15.61,36331.14
2018-02-04 0:00,15.34,31638.27
2018-02-05 0:00,12.86,29371.04
2018-02-06 0:00,10.7,35205.97
2018-02-07 0:00,12.35,35537.88
2018-02-08 0:00,12.36,33145.17
2018-02-09 0:00,17.09,47538.99
2018-02-10 0:00,32.1,67566.5
2018-02-11 0:00,19.13,63123.16
2018-02-12 0:00,17.77,56307.57
2018-02-13 0:00,25.9,92883.64
2018-02-14 0:00,67.91,380112.49
2018-02-15 0:00,120.05,759073.41
2018-02-16 0:00,31.41,168751.22
2018-02-17 0:00,37.56,160610.11
2018-02-18 0:00,39.3,170897.42
2018-02-19 0:00,39.31,192058.26
2018-02-20 0:00,59.09,265535.23
2018-02-21 0:00,22.86,91182.47
2018-02-22 0:00,20.44,78036.87
2018-02-23 0:00,28.13,115572.7
2018-02-24 0:00,20.1,167121.87
2018-02-25 0:00,13.3,120096.67
2018-02-26 0:00,19.55,129662.98
2018-02-27 0:00,19.6,162816.18
2018-02-28 0:00,16.06,122230.12
2018-03-01 0:00,15.4,93286.48
2018-03-02 0:00,17.84,76904.82
2018-03-03 0:00,19.05,83396.21
2018-03-04 0:00,42.2,213830.4
2018-03-05 0:00,30.83,134281.72
2018-03-06 0:00,31.79,119340.59
2018-03-07 0:00,35.15,164663.54
2018-03-08 0:00,15.06,99844.18
2018-03-09 0:00,15.18,89045.01
2018-03-10 0:00,10.6,96450.65
2018-03-11 0:00,14.89,64750.69
2018-03-12 0:00,14.41,68839.11
2018-03-13 0:00,16.94,62559.95
2018-03-14 0:00,12.77,55822.6
2018-03-15 0:00,10.27,39693.67
2018-03-16 0:00,15.02,46032.73
2018-03-17 0:00,13.53,50194.4
2018-03-18 0:00,14.11,39320.9
2018-03-19 0:00,16.84,52077.77
2018-03-20 0:00,71.14,215757.85
2018-03-21 0:00,77.68,259445.59
2018-03-22 0:00,41.5,139489.38
2018-03-23 0:00,94.2,292288.42
2018-03-24 0:00,37.56,117257.6
2018-03-25 0:00,18.14,113816.29
2018-03-26 0:00,31.95,96156.47
2018-03-27 0:00,31.14,104017.96
2018-03-28 0:00,53.17,189591.41
2018-03-29 0:00,23.7,88095.31
2018-03-30 0:00,37.71,212948.94
2018-03-31 0:00,25.93,77958.16
2018-04-01 0:00,26.31,73275.51
2018-04-02 0:00,19.6,60061.69
2018-04-03 0:00,24.25,75839.1
2018-04-04 0:00,17.1,49102.55
2018-04-05 0:00,23.21,62693.11
2018-04-06 0:00,18.08,67258.34
2018-04-07 0:00,15.5,41457.95
2018-04-08 0:00,9.49,70478.41
2018-04-09 0:00,9.19,48037.96
2018-04-10 0:00,16.26,52436.45
2018-04-11 0:00,20.59,69635.99
2018-04-12 0:00,14.91,42933.53
2018-04-13 0:00,15.04,91157.76
2018-04-14 0:00,17.63,85272.87
2018-04-15 0:00,23.29,90824.77
2018-04-16 0:00,16.3,60488.62
2018-04-17 0:00,16.71,83907.8
2018-04-18 0:00,16.13,66086.5
2018-04-19 0:00,15.57,59367.72
2018-04-20 0:00,12.33,49424.84
2018-04-21 0:00,17.98,45728.43
2018-04-22 0:00,27.83,49485.47
2018-04-23 0:00,85.44,155678.62
2018-04-24 0:00,37.38,82358.96
2018-04-25 0:00,41.43,93725.36
2018-04-26 0:00,34.22,60775.97
2018-04-27 0:00,18.23,59185.14
2018-04-28 0:00,11.69,59103.74
2018-04-29 0:00,10.18,99944.51
2018-04-30 0:00,33.14,107291.18
2018-05-01 0:00,31.95,68029.8
2018-05-02 0:00,47.03,94953.32
2018-05-03 0:00,41.07,67185.24
2018-05-04 0:00,30.49,84092.46
2018-05-05 0:00,25.39,87058.6
2018-05-06 0:00,21.95,60699.12
2018-05-07 0:00,21.52,57791.7
2018-05-08 0:00,21.74,79385.7
2018-05-09 0:00,24.14,56313.78
2018-05-10 0:00,26.36,53906.92
2018-05-11 0:00,29.23,71415.94
2018-05-12 0:00,17.04,38093.56
2018-05-13 0:00,24.96,44100.14
2018-05-14 0:00,20.6,28611.06
2018-05-15 0:00,16.16,26244.34
2018-05-16 0:00,17.99,43725.95
2018-05-17 0:00,13.5,52018.62
2018-05-18 0:00,15.45,51810.91
2018-05-19 0:00,12.36,44705.53
2018-05-20 0:00,20.25,53104.13
2018-05-21 0:00,17.29,31178.77
2018-05-22 0:00,16.83,30749.6
2018-05-23 0:00,16.79,28326.78
2018-05-24 0:00,14.33,43028
2018-05-25 0:00,23.1,52285.41
2018-05-26 0:00,18.15,49105.88
2018-05-27 0:00,14.51,40576.71
2018-05-28 0:00,23.7,48516.25
2018-05-29 0:00,12.61,51311.4
2018-05-30 0:00,13.49,60481.49
2018-05-31 0:00,13.42,44200.67
2018-06-01 0:00,12.05,33708.56
2018-06-02 0:00,16.68,47632.85
2018-06-03 0:00,25.52,58260.63
2018-06-04 0:00,23.14,49757.85
2018-06-05 0:00,22.73,56248.57
2018-06-06 0:00,27.35,53603.46
2018-06-07 0:00,29.7,63251.61
2018-06-08 0:00,33.4,67539.75
2018-06-09 0:00,13.14,36132.86
2018-06-10 0:00,19.87,40044.2
2018-06-11 0:00,12.9,42276.2
2018-06-12 0:00,13.21,36185.97
2018-06-13 0:00,23.49,50917.29
2018-06-14 0:00,24.35,45506.05
2018-06-15 0:00,9.63,50113.16
2018-06-16 0:00,12.23,28173.59
2018-06-17 0:00,25.4,60411.98
2018-06-18 0:00,37.53,99729.94
2018-06-19 0:00,36.51,96487.65
2018-06-20 0:00,24.34,45533.18
2018-06-21 0:00,24.22,71863.75
2018-06-22 0:00,11.65,58962.91
2018-06-23 0:00,16.75,48488.66
2018-06-24 0:00,18.41,54035.17
2018-06-25 0:00,18.2,45043.33
2018-06-26 0:00,17.68,39721.41
2018-06-27 0:00,16.03,37967.99
2018-06-28 0:00,16.14,41096.7
2018-06-29 0:00,18.8,60564.87
2018-06-30 0:00,15.4,36665.86
2018-07-01 0:00,15.24,20020.92
2018-07-02 0:00,26.07,17961.66
2018-07-03 0:00,50.72,31245.32
2018-07-04 0:00,139.07,104023.52
2018-07-05 0:00,35.34,33501.47
2018-07-06 0:00,13.58,22645.59
2018-07-07 0:00,14,17567.16
2018-07-08 0:00,12.63,22322.22
2018-07-09 0:00,13.29,36809.21
2018-07-10 0:00,15.72,31586.37
2018-07-11 0:00,16.79,40208.21
2018-07-12 0:00,15.06,44827.17
2018-07-13 0:00,12.48,47345.67
2018-07-14 0:00,11.96,18910.35
2018-07-15 0:00,23.27,31901.69
2018-07-16 0:00,25.93,56275.22
2018-07-17 0:00,22.51,42418.14
2018-07-18 0:00,26.23,47208.02
2018-07-19 0:00,16.99,33490.58
2018-07-20 0:00,15.57,26723.05
2018-07-21 0:00,13.59,29915.69
2018-07-22 0:00,25.23,53092.9
2018-07-23 0:00,19.79,42770.1
2018-07-24 0:00,28.25,52211.37
2018-07-25 0:00,17.15,41542.34
2018-07-26 0:00,13.14,44163.95
2018-07-27 0:00,101.67,415721.05
2018-07-28 0:00,295.09,897060.38
2018-07-29 0:00,14.01,30689.46
2018-07-30 0:00,96.75,173964.94
2018-07-31 0:00,46.54,94111.36
2018-08-01 0:00,13.48,34035.58
2018-08-02 0:00,100.24,232951.42
2018-08-03 0:00,26.59,46194.89
2018-08-04 0:00,27.1,53761.15
2018-08-05 0:00,32.78,57666.62
2018-08-06 0:00,27.95,44249.93
2018-08-07 0:00,38.34,53018.14
2018-08-08 0:00,23.28,33993.72
2018-08-09 0:00,23.99,33134.96
2018-08-10 0:00,14.63,21132.72
2018-08-11 0:00,11.22,20521.51
2018-08-12 0:00,10.7,25435.06
2018-08-13 0:00,13.19,34192.91
2018-08-14 0:00,24.09,78348.73
2018-08-15 0:00,19.6,65210.84
2018-08-16 0:00,14.13,51676.01
2018-08-17 0:00,11.43,57891.83
2018-08-18 0:00,14.85,88665.99
2018-08-19 0:00,10.95,73427.4
2018-08-20 0:00,13.72,48430.36
2018-08-21 0:00,23.03,82445.62
2018-08-22 0:00,19.86,51791.4
2018-08-23 0:00,23.9,101186.29
2018-08-24 0:00,17.88,94878.07
2018-08-25 0:00,32.56,157056.88
2018-08-26 0:00,13.06,50377.17
2018-08-27 0:00,12.73,64095.11
2018-08-28 0:00,18.89,79556.21
2018-08-29 0:00,13.81,69637.97
2018-08-30 0:00,8.09,67406.22
2018-08-31 0:00,7.78,82550.91
2018-09-01 0:00,8.34,79217.93
2018-09-02 0:00,9.35,75485.71
2018-09-03 0:00,10.33,75655.12
2018-09-04 0:00,45.41,226059.8
2018-09-05 0:00,16.93,94771.44
2018-09-06 0:00,7.12,51758.93
2018-09-07 0:00,9.52,75774.96
2018-09-08 0:00,16.15,98217.06
2018-09-09 0:00,9.65,87643.33
2018-09-10 0:00,18.7,149738.13
2018-09-11 0:00,7.44,79343.21
2018-09-12 0:00,16.94,158998.88
2018-09-13 0:00,37.06,163278.98
2018-09-14 0:00,31.37,146175.87
2018-09-15 0:00,27.52,103175.33
2018-09-16 0:00,54.56,177417.95
2018-09-17 0:00,17.94,68913.98
2018-09-18 0:00,20.78,88322.71
2018-09-19 0:00,21.72,116362.76
2018-09-20 0:00,22.21,98589.29
2018-09-21 0:00,29.87,157580.56
2018-09-22 0:00,9.72,68630.75
2018-09-23 0:00,37.29,203709.92
2018-09-24 0:00,17.76,85269.65
2018-09-25 0:00,13.73,64890.22
2018-09-26 0:00,14.41,83598.75
2018-09-27 0:00,16.61,102634.9
2018-09-28 0:00,13.57,49167.79
2018-09-29 0:00,19.96,83731.53
2018-09-30 0:00,10.58,52043.3
2018-10-01 0:00,16.55,72407.7
2018-10-02 0:00,28.36,88207.8
2018-10-03 0:00,41.62,156822.62
2018-10-04 0:00,28.05,119477.94
2018-10-05 0:00,15.37,112784.22
2018-10-06 0:00,16.84,74562.88
2018-10-07 0:00,18.74,83273.57
2018-10-08 0:00,14.48,61012.91
2018-10-09 0:00,20.35,74761.82
2018-10-10 0:00,22.12,94893.11
2018-10-11 0:00,23.07,144445.78
2018-10-12 0:00,37.71,175673.57
2018-10-13 0:00,33.39,131840.31
2018-10-14 0:00,21.73,71707.36
2018-10-15 0:00,31.09,95913.81
2018-10-16 0:00,15.81,52748.85
2018-10-17 0:00,15.88,87001.5
2018-10-18 0:00,28,96608.84
2018-10-19 0:00,10.08,80351.65
2018-10-20 0:00,11.06,51126.12
2018-10-21 0:00,8.96,48900.38
2018-10-22 0:00,44.93,188476.6
2018-10-23 0:00,18.81,97175.92
2018-10-24 0:00,22.08,93004.51
2018-10-25 0:00,17.4,61318.64
2018-10-26 0:00,11.99,54046.47
2018-10-27 0:00,10.91,58350.19
2018-10-28 0:00,14.54,61873.52
2018-10-29 0:00,14.57,61703.39
2018-10-30 0:00,35.21,132255.64
2018-10-31 0:00,11.28,41644.82
2018-11-01 0:00,27.95,108860.2
2018-11-02 0:00,32.48,122969.92
2018-11-03 0:00,10.54,48018.46
2018-11-04 0:00,12.67,56912.69
2018-11-05 0:00,64.13,277425.75
2018-11-06 0:00,27.7,100671.18
2018-11-07 0:00,24.14,125927.39
2018-11-08 0:00,33.26,121546.15
2018-11-09 0:00,22.43,77313.44
2018-11-10 0:00,15.99,64334.29
2018-11-11 0:00,57.39,229312.47
2018-11-12 0:00,23.57,92202.75
2018-11-13 0:00,28.6,149130.72
2018-11-14 0:00,26.81,142126.66
2018-11-15 0:00,12.37,126557.97
2018-11-16 0:00,14.34,91658.7
2018-11-17 0:00,8.11,38937.05
2018-11-18 0:00,12.76,57880.13
2018-11-19 0:00,27.99,110098.14
2018-11-20 0:00,19.58,78741.24
2018-11-21 0:00,6.56,40302.9
2018-11-22 0:00,8.35,55182.4
2018-11-23 0:00,16.35,73669.01
2018-11-24 0:00,10.15,45921.94
2018-11-25 0:00,5.79,29626.97
2018-11-26 0:00,7.74,44322.19
2018-11-27 0:00,8.03,49564.01
2018-11-28 0:00,9.34,47789.9
2018-11-29 0:00,21.77,96461.53
2018-11-30 0:00,17.09,101154.94
2018-12-01 0:00,5.65,60527.32
2018-12-02 0:00,7.27,54617.29
2018-12-03 0:00,5.29,37493.78
2018-12-04 0:00,6.94,44192.96
2018-12-05 0:00,4.06,55041.12
2018-12-06 0:00,6.02,33172.03
2018-12-07 0:00,5,31740.9
2018-12-08 0:00,16.4,72353.54
2018-12-09 0:00,9.93,43542.13
2018-12-10 0:00,10.26,31709.93
2018-12-11 0:00,53.25,184655.46
2018-12-12 0:00,227.31,877650.89
2018-12-13 0:00,8.34,45389.88
2018-12-14 0:00,38.86,183749.83
2018-12-15 0:00,18.93,117979.45
2018-12-16 0:00,31.92,193151.42
2018-12-17 0:00,11.89,56039.71
2018-12-18 0:00,16.02,58721.29
2018-12-19 0:00,97.5,393317.84
2018-12-20 0:00,208.05,1018608.44
2018-12-21 0:00,409.66,2848776.8
2018-12-22 0:00,122.83,460007.26
2018-12-23 0:00,189.35,1354033.5
2018-12-24 0:00,16.81,66532.22
2018-12-25 0:00,20.65,64396.21
2018-12-26 0:00,8.96,26081.35
2018-12-27 0:00,9.8,27763.83
2018-12-28 0:00,19.89,63361.64
2018-12-29 0:00,8.14,24917.68
2018-12-30 0:00,17.83,54069.48
2018-12-31 0:00,18.26,61376.56
2019-01-01 0:00,8.37,20331.77
2019-01-02 0:00,11.05,29062.92
2019-01-03 0:00,16.78,44896.41
2019-01-04 0:00,19.06,51870.71
2019-01-05 0:00,11.11,30808.49
2019-01-06 0:00,270.01,733070.32
2019-01-07 0:00,11.78,37130.89
2019-01-08 0:00,23.6,55068.63
2019-01-09 0:00,17.68,42106.58
2019-01-10 0:00,12.43,42838.12
2019-01-11 0:00,7.15,59914.21
2019-01-12 0:00,12.12,70386.39
2019-01-13 0:00,15.88,86139.99
2019-01-14 0:00,23.23,105746.97
2019-01-15 0:00,8.02,33374.35
2019-01-16 0:00,15.44,67807.62
2019-01-17 0:00,12.18,45167.89
2019-01-18 0:00,12.52,57108.12
2019-01-19 0:00,9.5,39880.33
2019-01-20 0:00,13.65,63637.09
2019-01-21 0:00,7.9,33940.08
2019-01-22 0:00,10.26,24850.18
2019-01-23 0:00,9.14,27579
2019-01-24 0:00,7.33,27879.33
2019-01-25 0:00,13.87,44968.32
2019-01-26 0:00,5.16,36764.37
2019-01-27 0:00,8.86,59945.2
2019-01-28 0:00,12.83,61779.56
2019-01-29 0:00,7.84,25326.29
2019-01-30 0:00,267.53,889807.27
2019-01-31 0:00,9.57,28515.89
2019-02-01 0:00,8.25,31063.84
2019-02-02 0:00,9.05,37252.79
2019-02-03 0:00,8.61,40623.33
2019-02-04 0:00,9.48,30452.99
2019-02-05 0:00,18.62,56023.89
2019-02-06 0:00,21.43,52084.96
2019-02-07 0:00,12.72,35014.9
2019-02-08 0:00,8.91,28042.47
2019-02-09 0:00,4.52,26149.09
2019-02-10 0:00,9.39,53750.82
2019-02-11 0:00,9.68,44026.66
2019-02-12 0:00,7.34,27897.65
2019-02-13 0:00,7.09,26555.59
2019-02-14 0:00,6.83,31208.85
2019-02-15 0:00,9.61,35094.15
2019-02-16 0:00,4.63,29527.71
2019-02-17 0:00,11.76,59094.31
2019-02-18 0:00,8.73,38990.82
2019-02-19 0:00,21.37,59144.19
2019-02-20 0:00,14.89,54947.76
2019-02-21 0:00,16.19,57028.22
2019-02-22 0:00,9.79,41658.38
2019-02-23 0:00,7.34,35640.29
2019-02-24 0:00,9.03,35013.44
2019-02-25 0:00,9.45,39081.85
2019-02-26 0:00,13.28,60519.48
2019-02-27 0:00,19.49,55291.77
2019-02-28 0:00,15.07,35892.48
2019-03-01 0:00,16.86,62332.87
2019-03-02 0:00,17.33,94733.76
2019-03-03 0:00,8.6,59448.99
2019-03-04 0:00,16.84,89006.8
2019-03-05 0:00,20.09,96332.14
2019-03-06 0:00,14.19,71424.63
2019-03-07 0:00,10.63,59912.32
2019-03-08 0:00,11.74,76918.75
2019-03-09 0:00,11.37,70387.45
2019-03-10 0:00,16.18,81015.06
2019-03-11 0:00,12.71,51353.98
2019-03-12 0:00,24.27,108759.27
2019-03-13 0:00,15.59,61661.54
2019-03-14 0:00,18.76,72893.83
2019-03-15 0:00,15.37,70191.24
2019-03-16 0:00,8.48,62517.57
2019-03-17 0:00,12.75,84001.88
2019-03-18 0:00,12.46,53873.09
2019-03-19 0:00,12.83,58110.25
2019-03-20 0:00,13.44,62992.39
2019-03-21 0:00,11.57,51177.4
2019-03-22 0:00,11.07,53563.17
2019-03-23 0:00,13.07,77776.15
2019-03-24 0:00,14.61,90443.42
2019-03-25 0:00,12.27,63359.12
2019-03-26 0:00,16.88,81223.64
2019-03-27 0:00,11.58,51165.78
2019-03-28 0:00,27.8,111607.84
2019-03-29 0:00,4.23,112520.04
2019-03-30 0:00,7.43,70011.93
2019-03-31 0:00,7.16,76875.4
2019-04-01 0:00,12.28,98056.82
2019-04-02 0:00,22.15,118966.32
2019-04-03 0:00,16.45,69667.64
2019-04-04 0:00,24.27,91845.66
2019-04-05 0:00,20.77,75579.25
2019-04-06 0:00,13.23,56276.19
2019-04-07 0:00,16.14,67011.37
2019-04-08 0:00,22.86,75794.89
2019-04-09 0:00,19.28,66185.77
2019-04-10 0:00,15.39,54286.03
2019-04-11 0:00,20.46,62661.02
2019-04-12 0:00,20.33,74926.41
2019-04-13 0:00,9.5,62086.15
2019-04-14 0:00,6.55,47297.39
2019-04-15 0:00,26.37,98294.12
2019-04-16 0:00,15.55,60530.04
2019-04-17 0:00,9.6,41273.15
2019-04-18 0:00,10.61,46816.64
2019-04-19 0:00,10.47,52455.78
2019-04-20 0:00,9.95,45813.69
2019-04-21 0:00,13.14,59720
2019-04-22 0:00,10.78,42484.39
2019-04-23 0:00,13.13,49494.78
2019-04-24 0:00,26.73,101512.37
2019-04-25 0:00,12.62,45335.86
2019-04-26 0:00,15.8,50564.15
2019-04-27 0:00,16.8,76930.08
2019-04-28 0:00,10.38,46977.28
2019-04-29 0:00,10.63,40232.48
2019-04-30 0:00,54.64,205974.99
2019-05-01 0:00,8.58,44407.39
2019-05-02 0:00,14.43,69418.69
2019-05-03 0:00,12.09,49957.25
2019-05-04 0:00,9.05,44270.24
2019-05-05 0:00,12.75,56233.13
2019-05-06 0:00,10.7,38879
2019-05-07 0:00,16.69,38103.22
2019-05-08 0:00,13.17,53913.25
2019-05-09 0:00,10.22,42160.63
2019-05-10 0:00,16.44,89259.49
2019-05-11 0:00,6.84,49950.8
2019-05-12 0:00,11.58,63253.73
2019-05-13 0:00,15.61,72712.7
2019-05-14 0:00,10.36,40126.59
2019-05-15 0:00,29.22,70477.62
2019-05-16 0:00,21.92,48139.21
2019-05-17 0:00,38.18,91441.01
2019-05-18 0:00,19.57,50592.81
2019-05-19 0:00,14.26,45598.53
2019-05-20 0:00,21.02,63580.29
2019-05-21 0:00,27.35,80170.47
2019-05-22 0:00,20.83,61979.18
2019-05-23 0:00,21.97,58452.79
2019-05-24 0:00,38.49,135380.66
2019-05-25 0:00,16.66,79548.29
2019-05-26 0:00,14.97,71205.75
2019-05-27 0:00,41.68,186264.71
2019-05-28 0:00,19.04,98861.3
2019-05-29 0:00,14.64,69019.11
2019-05-30 0:00,11.3,65627.51
2019-05-31 0:00,18.54,85871.58
2019-06-01 0:00,16.76,48543.77
2019-06-02 0:00,22.69,67606.45
2019-06-03 0:00,38.67,113222.84
2019-06-04 0:00,17.51,43231.31
2019-06-05 0:00,17.67,56618.38
2019-06-06 0:00,21.84,59000.86
2019-06-07 0:00,25.32,95194.48
2019-06-08 0:00,12.3,38172.44
2019-06-09 0:00,10.15,48414.8
2019-06-10 0:00,15.86,47927.08
2019-06-11 0:00,12.36,44166.6
2019-06-12 0:00,17.97,68474.39
2019-06-13 0:00,19.52,83224
2019-06-14 0:00,19.34,64981.93
2019-06-15 0:00,17.41,58655.94
2019-06-16 0:00,18.27,74226
2019-06-17 0:00,16.71,50532.23
2019-06-18 0:00,44.84,135495.01
2019-06-19 0:00,38.93,115857.62
2019-06-20 0:00,33.73,75258.18
2019-06-21 0:00,54.38,179034.18
2019-06-22 0:00,31.19,120832.73
2019-06-23 0:00,14.8,55356.96
2019-06-24 0:00,33.11,125038.71
2019-06-25 0:00,16.62,46648.41
2019-06-26 0:00,27.38,75866.35
2019-06-27 0:00,24.56,44038.28
2019-06-28 0:00,25.39,46002.7
2019-06-29 0:00,24.8,70814.84
2019-06-30 0:00,19.88,40985.72
2019-07-01 0:00,16.75,25070.45
2019-07-02 0:00,20.26,30552.01
2019-07-03 0:00,20.7,37133.09
2019-07-04 0:00,23.55,59532.98
2019-07-05 0:00,24.18,52290.93
2019-07-06 0:00,9.66,29444.82
2019-07-07 0:00,18.53,53321.68
2019-07-08 0:00,20.61,53712.4
2019-07-09 0:00,22.56,66692.64
2019-07-10 0:00,33.64,90059.19
2019-07-11 0:00,31.23,58871.72
2019-07-12 0:00,15.11,36199.17
2019-07-13 0:00,15.39,42706.38
2019-07-14 0:00,20.16,55088.27
2019-07-15 0:00,28.49,71734.82
2019-07-16 0:00,42.6,49713.11
2019-07-17 0:00,22.89,63019.71
2019-07-18 0:00,13.62,58757.75
2019-07-19 0:00,9.32,27570.39
2019-07-20 0:00,7.63,36276.63
2019-07-21 0:00,7.77,37002.11
2019-07-22 0:00,10.55,36093.83
2019-07-23 0:00,9.03,33263.18
2019-07-24 0:00,9.02,25585.13
2019-07-25 0:00,9.54,24285.49
2019-07-26 0:00,8.12,32992.02
2019-07-27 0:00,8.7,34745.44
2019-07-28 0:00,8.63,34140.38
2019-07-29 0:00,13.26,52684.58
2019-07-30 0:00,8.77,36887.63
2019-07-31 0:00,14.83,53700.76
2019-08-01 0:00,22.97,71054.42
2019-08-02 0:00,11.63,32981.47
2019-08-03 0:00,11.08,38005.59
2019-08-04 0:00,10.04,37733.01
2019-08-05 0:00,9.71,32641.59
2019-08-06 0:00,16.92,37026.18
2019-08-07 0:00,13.21,37390.73
2019-08-08 0:00,14.42,41158.41
2019-08-09 0:00,14.96,41931.04
2019-08-10 0:00,10.22,22064.71
2019-08-11 0:00,10.02,23864.54
2019-08-12 0:00,44.56,109535.54
2019-08-13 0:00,16.47,42876.55
2019-08-14 0:00,13.59,36701.05
2019-08-15 0:00,13.44,34841.56
2019-08-16 0:00,16.83,44915.77
2019-08-17 0:00,6.31,22931.24
2019-08-18 0:00,5.81,21775.95
2019-08-19 0:00,13.69,31809.73
2019-08-20 0:00,9,25461.85
2019-08-21 0:00,10.46,24407.25
2019-08-22 0:00,16.28,41265.58
2019-08-23 0:00,13.23,40193.69
2019-08-24 0:00,11.2,41044.64
2019-08-25 0:00,12.46,34729.81
2019-08-26 0:00,24.88,50053.41
2019-08-27 0:00,8.22,24230.83
2019-08-28 0:00,20.83,63940.51
2019-08-29 0:00,15.27,45919.17
2019-08-30 0:00,13.03,30847.58
2019-08-31 0:00,10.46,50123.62
2019-09-01 0:00,10.42,47917.92
2019-09-02 0:00,11.04,43988.8
2019-09-03 0:00,13,38367.42
2019-09-04 0:00,39.63,89852.07
2019-09-05 0:00,21.67,36774.94
2019-09-06 0:00,19.64,29237.86
2019-09-07 0:00,16.86,25088.13
2019-09-08 0:00,31.04,44909.5
2019-09-09 0:00,55,76003.81
2019-09-10 0:00,27.06,31172.99
2019-09-11 0:00,25.48,32206.3
2019-09-12 0:00,30.03,39002.52
2019-09-13 0:00,50.98,65609.64
2019-09-14 0:00,12.67,36449.04
2019-09-15 0:00,11.06,28061.75
2019-09-16 0:00,31.12,38808.44
2019-09-17 0:00,28.63,30664.73
2019-09-18 0:00,26.5,30077.81
2019-09-19 0:00,67.54,75176.89
2019-09-20 0:00,25.78,22737.31
2019-09-21 0:00,13.64,31617.58
2019-09-22 0:00,14.94,31189.77
2019-09-23 0:00,21.52,32369.91
2019-09-24 0:00,30.6,37603.19
2019-09-25 0:00,29.56,31627.77
2019-09-26 0:00,30.1,34248.95
2019-09-27 0:00,22.37,22014.82
2019-09-28 0:00,9.68,19552.17
2019-09-29 0:00,29.18,74550.71
2019-09-30 0:00,15.21,31337.82
2019-10-01 0:00,11.05,39428.93
2019-10-02 0:00,11.54,37735.51
2019-10-03 0:00,7.66,30384.51
2019-10-04 0:00,9.56,31746.1
2019-10-05 0:00,5.61,19313.81
2019-10-06 0:00,19.1,53668.25
2019-10-07 0:00,13.93,43776.39
2019-10-08 0:00,12.45,40279.62
2019-10-09 0:00,17.67,95414.5
2019-10-10 0:00,7.33,27207.96
2019-10-11 0:00,5.57,28230.05
2019-10-12 0:00,9.42,30195.36
2019-10-13 0:00,24.08,74430.66
2019-10-14 0:00,32.82,111464.93
2019-10-15 0:00,52.66,243137.88
2019-10-16 0:00,51.54,177556.19
2019-10-17 0:00,32.66,151133.25
2019-10-18 0:00,30.69,127190.45
2019-10-19 0:00,31.45,122846.76
2019-10-20 0:00,31.98,272958
2019-10-21 0:00,25.58,79584.51
2019-10-22 0:00,27.24,87377.44
2019-10-23 0:00,30.94,67813.42
2019-10-24 0:00,33.05,73037.4
2019-10-25 0:00,32.17,82163.17
2019-10-26 0:00,22.85,89623.31
2019-10-27 0:00,26.18,94207.52
2019-10-28 0:00,20.38,74794.07
2019-10-29 0:00,23.61,66763.15
2019-10-30 0:00,29.72,80530.41
2019-10-31 0:00,24.73,66382.15
2019-11-01 0:00,15.13,50526.36
2019-11-02 0:00,16.79,66186.68
2019-11-03 0:00,27.81,83761.01
2019-11-04 0:00,21.05,60257.42
2019-11-05 0:00,15.73,47518.49
2019-11-06 0:00,13.14,63610.22
2019-11-07 0:00,12.58,72576.27
2019-11-08 0:00,8.92,40965.89
2019-11-09 0:00,7.61,38559.51
2019-11-10 0:00,12.88,64599.81
2019-11-11 0:00,22.93,78206.78
2019-11-12 0:00,13.16,49008.31
2019-11-13 0:00,10.97,41635.95
2019-11-14 0:00,15.28,40312.93
2019-11-15 0:00,8.79,26284.77
2019-11-16 0:00,7.49,23566.7
2019-11-17 0:00,19.85,53609.32
2019-11-18 0:00,15.36,47095.42
2019-11-19 0:00,15.18,44919.7
2019-11-20 0:00,15.43,46600.99
2019-11-21 0:00,15.79,40908.04
2019-11-22 0:00,11.1,138240.01
2019-11-23 0:00,5.87,102546.44
2019-11-24 0:00,4.84,97961.88
2019-11-25 0:00,8.06,83488.22
2019-11-26 0:00,5.14,62960.32
2019-11-27 0:00,8.01,97961.22
2019-11-28 0:00,7.69,78316.91
2019-11-29 0:00,5.22,95453.08
2019-11-30 0:00,6.75,91026.4
2019-12-01 0:00,5.21,86077.43
2019-12-02 0:00,5.12,72183.81
2019-12-03 0:00,10.66,86941.9
2019-12-04 0:00,9.38,72105.31
2019-12-05 0:00,15.66,160554.52
2019-12-06 0:00,7.56,61234.45
2019-12-07 0:00,6.35,59429.07
2019-12-08 0:00,7.06,77847.09
2019-12-09 0:00,12.24,113463.82
2019-12-10 0:00,11.1,87398.63
2019-12-11 0:00,9.74,78450.36
2019-12-12 0:00,9.01,75394.96
2019-12-13 0:00,8.34,48990.18
2019-12-14 0:00,9.35,58780.76
2019-12-15 0:00,8.68,53446.95
2019-12-16 0:00,13.97,69233.32
2019-12-17 0:00,14.45,58093.06
2019-12-18 0:00,34.82,217788.42
2019-12-19 0:00,18.12,109032.03
2019-12-20 0:00,19.87,100582.7
2019-12-21 0:00,12.66,86501.83
2019-12-22 0:00,7.21,60455.81
2019-12-23 0:00,16.69,76504.76
2019-12-24 0:00,13.99,70412.74
2019-12-25 0:00,12.08,63637.96
2019-12-26 0:00,20.02,112141.98
2019-12-27 0:00,10.98,81224.89
2019-12-28 0:00,9.37,63714.39
2019-12-29 0:00,10.66,81332.49
2019-12-30 0:00,10.81,57704.51
2019-12-31 0:00,9.6,54166.52
2020-01-01 0:00,8.23,61519.19
2020-01-02 0:00,7.79,68467.57
2020-01-03 0:00,10.74,88952.55
2020-01-04 0:00,11.59,139737.55
2020-01-05 0:00,7.8,75107.66
2020-01-06 0:00,18.39,109951.31
2020-01-07 0:00,12.89,104198.86
2020-01-08 0:00,14.18,82766.35
2020-01-09 0:00,7.74,55510.6
2020-01-10 0:00,10.66,64245.52
2020-01-11 0:00,10.77,77771.33
2020-01-12 0:00,6.82,59081.49
2020-01-13 0:00,9.71,73810.13
2020-01-14 0:00,9.24,81886.46
2020-01-15 0:00,9.18,62337.48
2020-01-16 0:00,13.6,61364.53
2020-01-17 0:00,15.75,77296.61
2020-01-18 0:00,10.81,81470.09
2020-01-19 0:00,6.72,56443.72
2020-01-20 0:00,5.26,67632.75
2020-01-21 0:00,10.66,96070.73
2020-01-22 0:00,11.58,92231.44
2020-01-23 0:00,18.45,172586.04
2020-01-24 0:00,4.77,78911.56
2020-01-25 0:00,5.31,57023.43
2020-01-26 0:00,6.07,72583.32
2020-01-27 0:00,7.06,65921.95
2020-01-28 0:00,11.21,86640
2020-01-29 0:00,12.92,77464.83
2020-01-30 0:00,10.61,51814.44
2020-01-31 0:00,15.5,80937.47
2020-02-01 0:00,9.56,70624.49
2020-02-02 0:00,11.18,77490.84
2020-02-03 0:00,20.81,91222.33
2020-02-04 0:00,31.5,84975.39
2020-02-05 0:00,43.56,134340.11
2020-02-06 0:00,42.78,114572.84
2020-02-07 0:00,73.58,225512.03
2020-02-08 0:00,9.76,88747.75
2020-02-09 0:00,13.49,192754.26
2020-02-10 0:00,26.05,146807.32
2020-02-11 0:00,43.57,475530
2020-02-12 0:00,45.88,219210.93
2020-02-13 0:00,30.35,156965.21
2020-02-14 0:00,27.56,114271
2020-02-15 0:00,24.8,111030.46
2020-02-16 0:00,39.28,138576.81
2020-02-17 0:00,34.63,175087.07
2020-02-18 0:00,47.33,194483.81
2020-02-19 0:00,29.38,118602.14
2020-02-20 0:00,23.95,111232.65
2020-02-21 0:00,32.79,184285.12
2020-02-22 0:00,19.15,118477.12
2020-02-23 0:00,16.85,109217.16
2020-02-24 0:00,22.27,146274.57
2020-02-25 0:00,22.98,119470.26
2020-02-26 0:00,19.72,101381.96
2020-02-27 0:00,16.35,98711.01
2020-02-28 0:00,17.1,118492.56
2020-02-29 0:00,7.75,71817.44
2020-03-01 0:00,15.63,123884.2
2020-03-02 0:00,12.68,145505.51
2020-03-03 0:00,26.85,127098.54
2020-03-04 0:00,18.7,89002.22
2020-03-05 0:00,15.92,68532.61
2020-03-06 0:00,15.72,76681.43
2020-03-07 0:00,9.85,69732.29
2020-03-08 0:00,20.65,86036.72
2020-03-09 0:00,18.94,65449.1
2020-03-10 0:00,13.75,81082.51
2020-03-11 0:00,8.55,72152.63
2020-03-12 0:00,11.95,41248.39
2020-03-13 0:00,20.59,49285.26
2020-03-14 0:00,7.78,39635.7
2020-03-15 0:00,7.18,42440.56
2020-03-16 0:00,5.91,36665.37
2020-03-17 0:00,7.78,56747.27
2020-03-18 0:00,4.74,45221.85
2020-03-19 0:00,14.88,93983.27
2020-03-20 0:00,8.44,47381.38
2020-03-21 0:00,9.16,57137.37
2020-03-22 0:00,11.92,66329.23
2020-03-23 0:00,11.48,56943.36
2020-03-24 0:00,17.59,66162.67
2020-03-25 0:00,14.31,46320.45
2020-03-26 0:00,12.48,69906.51
2020-03-27 0:00,10.35,50916.94
2020-03-28 0:00,8.66,73496.98
2020-03-29 0:00,8.87,49877.71
2020-03-30 0:00,13.71,68007.02
2020-03-31 0:00,30.49,513668.51
2020-04-01 0:00,7.87,52467.72
2020-04-02 0:00,14.07,53889.85
2020-04-03 0:00,8.42,60243.17
2020-04-04 0:00,7.2,76808.07
2020-04-05 0:00,9.4,54743.02
2020-04-06 0:00,6.69,45207.79
2020-04-07 0:00,18.94,77024.09
2020-04-08 0:00,19.24,70030.59
2020-04-09 0:00,13.27,53606.02
2020-04-10 0:00,36.91,148316.59
2020-04-11 0:00,6.74,50022.87
2020-04-12 0:00,6.72,46464.25
2020-04-13 0:00,10.82,57021.48
2020-04-14 0:00,5.35,47321.68
2020-04-15 0:00,10.52,53810.85
2020-04-16 0:00,26.32,88339.85
2020-04-17 0:00,15.41,62665.56
2020-04-18 0:00,25.12,123774.85
2020-04-19 0:00,11.19,58878.35
2020-04-20 0:00,18,56563.13
2020-04-21 0:00,28.81,119503.99
2020-04-22 0:00,26.16,97718.6
2020-04-23 0:00,33.22,128129.28
2020-04-24 0:00,22.75,75657.35
2020-04-25 0:00,23.21,109431.36
2020-04-26 0:00,23.1,103215.56
2020-04-27 0:00,18.19,81548.73
2020-04-28 0:00,13.52,55768.21
2020-04-29 0:00,25.33,69124.82
2020-04-30 0:00,43.36,99163.57
2020-05-01 0:00,26.54,107262.71
2020-05-02 0:00,38.01,143445.78
2020-05-03 0:00,14.86,77792.71
2020-05-04 0:00,18.72,61151.34
2020-05-05 0:00,28.24,81763.2
2020-05-06 0:00,25.83,60297.74
2020-05-07 0:00,34.36,68241.81
2020-05-08 0:00,33.78,87463.01
2020-05-09 0:00,21.95,72616.63
2020-05-10 0:00,20.35,51841.16
2020-05-11 0:00,17.67,46449.29
2020-05-12 0:00,16.18,39567.52
2020-05-13 0:00,26.77,63367.79
2020-05-14 0:00,42.24,86685.79
2020-05-15 0:00,26.36,70802.19
2020-05-16 0:00,27.8,93894.28
2020-05-17 0:00,19.31,68935.06
2020-05-18 0:00,34.8,84606.58
2020-05-19 0:00,27.36,62710.19
2020-05-20 0:00,43.9,111672.59
2020-05-21 0:00,48.37,112467.02
2020-05-22 0:00,48.67,124357.17
2020-05-23 0:00,20.21,98132.03
2020-05-24 0:00,60.9,265525.63
2020-05-25 0:00,31.48,107089.17
2020-05-26 0:00,35.9,107239.41
2020-05-27 0:00,36.03,101941.41
2020-05-28 0:00,33.01,87579.18
2020-05-29 0:00,32.7,87244
2020-05-30 0:00,30.02,69948.75
2020-05-31 0:00,44.92,83684.1
2020-06-01 0:00,57.66,100852.8
2020-06-02 0:00,59.29,84253.68
2020-06-03 0:00,61.23,97115.64
2020-06-04 0:00,44.31,146230
2020-06-05 0:00,42.13,95684.01
2020-06-06 0:00,31.61,94727.45
2020-06-07 0:00,32.06,71883.11
2020-06-08 0:00,30.21,59516.88
2020-06-09 0:00,46.75,82228.69
2020-06-10 0:00,53.23,92893.03
2020-06-11 0:00,40.7,131087.39
2020-06-12 0:00,31.06,69522
2020-06-13 0:00,50.27,116835.04
2020-06-14 0:00,34.45,108572.34
2020-06-15 0:00,43.08,89873.81
2020-06-16 0:00,41.03,109748.12
2020-06-17 0:00,44.53,67903.74
2020-06-18 0:00,90.22,168798.63
2020-06-19 0:00,52.39,83407.68
2020-06-20 0:00,18.75,52154.7
2020-06-21 0:00,23.27,68582.44
2020-06-22 0:00,40.36,69655.87
2020-06-23 0:00,37.67,126001.9
2020-06-24 0:00,42.94,72916.88
2020-06-25 0:00,26.23,70719.6
2020-06-26 0:00,32.48,59997.58
2020-06-27 0:00,20.88,43353.9
2020-06-28 0:00,45.95,71827.19
2020-06-29 0:00,56.5,82483.12
2020-06-30 0:00,45.37,140634.02
2020-07-01 0:00,67.01,126721.89
2020-07-02 0:00,46.56,106756.52
2020-07-03 0:00,36.14,70329.92
2020-07-04 0:00,24.55,79875.3
2020-07-05 0:00,27.12,67740.89
2020-07-06 0:00,37.92,76789.08
2020-07-07 0:00,31.8,65409.12
2020-07-08 0:00,39.92,100567.44
2020-07-09 0:00,35.83,104805.48
2020-07-10 0:00,39.45,114566.2
2020-07-11 0:00,43.46,178905.22
2020-07-12 0:00,37.37,113835.82
2020-07-13 0:00,62.03,103894.24
2020-07-14 0:00,61.94,109317.81
2020-07-15 0:00,52.26,97513.93
2020-07-16 0:00,38.41,77969.08
2020-07-17 0:00,48.38,79287.94
2020-07-18 0:00,32.36,68409.22
2020-07-19 0:00,79.73,115375.83
2020-07-20 0:00,78.89,109263.02
2020-07-21 0:00,66.27,104444.2
2020-07-22 0:00,93.38,140257.07
2020-07-23 0:00,81.25,116592.17
2020-07-24 0:00,76.8,122796.86
2020-07-25 0:00,86.35,150338.64
2020-07-26 0:00,84.39,117727.32
2020-07-27 0:00,110.31,113512.91
2020-07-28 0:00,94.38,109860.49
2020-07-29 0:00,145.13,165742.18
2020-07-30 0:00,105.84,154308.48
2020-07-31 0:00,80.55,89814.18
2020-08-01 0:00,75.37,93981.63
2020-08-02 0:00,141.43,188378.86
2020-08-03 0:00,119.97,137601.4
2020-08-04 0:00,81.85,437708.67
2020-08-05 0:00,70.84,141248.74
2020-08-06 0:00,74.25,125106.92
2020-08-07 0:00,80.41,121505.2
2020-08-08 0:00,86.62,155044.76
2020-08-09 0:00,115.67,149558.43
2020-08-10 0:00,101.78,89770.42
2020-08-11 0:00,124.1,100893.84
2020-08-12 0:00,209.75,74249.81
2020-08-13 0:00,136.07,141244.86
2020-08-14 0:00,151.45,152056.71
2020-08-15 0:00,163.56,160455.03
2020-08-16 0:00,118.44,147931.09
2020-08-17 0:00,93.48,83099.82
2020-08-18 0:00,159.68,176611.34
2020-08-19 0:00,104.17,103647.02
2020-08-20 0:00,94.79,121431.39
2020-08-21 0:00,138.3,124886.11
2020-08-22 0:00,119.95,126066.2
2020-08-23 0:00,141.41,190755.57
2020-08-24 0:00,124.46,125453.5
2020-08-25 0:00,100.18,126130.03
2020-08-26 0:00,107.21,128004.98
2020-08-27 0:00,118.25,157628.87
2020-08-28 0:00,170.9,245419.41
2020-08-29 0:00,47.11,152839.83
2020-08-30 0:00,60.59,154746.61
2020-08-31 0:00,121.37,156444.37
2020-09-01 0:00,262.69,62782.24
2020-09-02 0:00,114.07,81789.81
2020-09-03 0:00,112.2,132845.35
2020-09-04 0:00,98.58,150532.06
2020-09-05 0:00,67.19,79215.31
2020-09-06 0:00,118.66,186184.77
2020-09-07 0:00,85.31,142466.37
2020-09-08 0:00,80.73,115925.65
2020-09-09 0:00,99.79,147091.96
2020-09-10 0:00,117.95,146609.49
2020-09-11 0:00,156.25,218121.3
2020-09-12 0:00,138.85,190362.54
2020-09-13 0:00,167.12,269897.98
2020-09-14 0:00,217.21,280851.69
2020-09-15 0:00,159.35,481720.24
2020-09-16 0:00,75.06,204235.84
2020-09-17 0:00,113.19,170915.03
2020-09-18 0:00,132.14,427464.2
2020-09-19 0:00,164.57,307260.38
2020-09-20 0:00,184.96,432434.2
2020-09-21 0:00,119.61,213870.48
2020-09-22 0:00,255.27,1463181.52
2020-09-23 0:00,402.32,3925821.34
2020-09-24 0:00,452.63,2302546.1
2020-09-25 0:00,295.94,1574974.69
2020-09-26 0:00,389.77,1517372.07
2020-09-27 0:00,336.23,1349616.22
2020-09-28 0:00,415.93,1466156.6
2020-09-29 0:00,291.74,820653.16
2020-09-30 0:00,156.97,399645.7
2020-10-01 0:00,181.69,420065.87
2020-10-02 0:00,131.21,321597.46
2020-10-03 0:00,159.89,466072.65
2020-10-04 0:00,150.95,393063.31
2020-10-05 0:00,153.64,375044.24
2020-10-06 0:00,120.16,391711.19
2020-10-07 0:00,143.8,379771.49
2020-10-08 0:00,171.9,433700.32
2020-10-09 0:00,157.54,416222.54
2020-10-10 0:00,148.67,367224.6
2020-10-11 0:00,119.32,342685.43
2020-10-12 0:00,132.14,312909.93
2020-10-13 0:00,114.38,276562.61
2020-10-14 0:00,130.82,353214.04
2020-10-15 0:00,183.25,488718.87
2020-10-16 0:00,119.7,287161.92
2020-10-17 0:00,140.2,474996.05
2020-10-18 0:00,116.11,363309.32
2020-10-19 0:00,164.37,439368.15
2020-10-20 0:00,100.75,219139.66
2020-10-21 0:00,163.48,322061.18
2020-10-22 0:00,239.32,498979.3
2020-10-23 0:00,86.84,262781.72
2020-10-24 0:00,88.7,416279.37
2020-10-25 0:00,65.98,364779.86
2020-10-26 0:00,83.64,310566.49
2020-10-27 0:00,52.04,214969.19
2020-10-28 0:00,85.67,272161.52
2020-10-29 0:00,73.9,258049.77
2020-10-30 0:00,69.53,249210.29
2020-10-31 0:00,63.87,301764.92
2020-11-01 0:00,117.57,361635.21
2020-11-02 0:00,92.7,225067.5
2020-11-03 0:00,131.09,336385.51
2020-11-04 0:00,103.83,274529.56
2020-11-05 0:00,88.82,218490.01
2020-11-06 0:00,202.77,452995.38
2020-11-07 0:00,117.53,310864.3
2020-11-08 0:00,87.78,320305.93
2020-11-09 0:00,89.53,246748.61
2020-11-10 0:00,120.57,367261.04
2020-11-11 0:00,134.61,414586.94
2020-11-12 0:00,59.37,1008218.67
2020-11-13 0:00,134.44,455482.84
2020-11-14 0:00,111.16,456755.3
2020-11-15 0:00,97.06,376898.17
2020-11-16 0:00,105.88,329060.06
2020-11-17 0:00,117.01,282802.63
2020-11-18 0:00,121.61,313155.31
2020-11-19 0:00,119.69,374990.61
2020-11-20 0:00,113.42,274353.95
2020-11-21 0:00,266.15,652343.85
2020-11-22 0:00,138.84,360013.21
2020-11-23 0:00,164.17,307659.87
2020-11-24 0:00,125.6,210757.44
2020-11-25 0:00,99.05,215930.1
2020-11-26 0:00,117.05,225563.43
2020-11-27 0:00,75.99,346281.16
2020-11-28 0:00,82.15,347417.35
2020-11-29 0:00,129.38,462397.82
2020-11-30 0:00,149.59,269555.71
2020-12-01 0:00,77.3,167046.05
2020-12-02 0:00,174.47,508926.34
2020-12-03 0:00,94.73,238535.19
2020-12-04 0:00,156.19,471378.27
2020-12-05 0:00,96.81,332622.36
2020-12-06 0:00,103.71,387857.74
2020-12-07 0:00,86.59,243230.17
2020-12-08 0:00,124.44,307874.04
2020-12-09 0:00,86.13,191216.22
2020-12-10 0:00,81.44,224288.07
2020-12-11 0:00,84.62,698189.22
2020-12-12 0:00,76.06,297566.01
2020-12-13 0:00,128.44,407792.3
2020-12-14 0:00,99.7,255937.95
2020-12-15 0:00,86.27,186430.27
2020-12-16 0:00,122.09,231478.63
2020-12-17 0:00,200.6,251754.26
2020-12-18 0:00,119.12,293737.97
2020-12-19 0:00,117.34,332659
2020-12-20 0:00,169.83,543289.53
2020-12-21 0:00,162.18,359705.64
2020-12-22 0:00,188,538625.11
2020-12-23 0:00,150.98,314797.47
2020-12-24 0:00,153.88,381611.98
2020-12-25 0:00,199.34,389308.99
2020-12-26 0:00,174.85,401981.62
2020-12-27 0:00,173.19,390376.62
2020-12-28 0:00,132.55,226524.45
2020-12-29 0:00,132.87,250730.61
2020-12-30 0:00,221.6,356999.99
2020-12-31 0:00,150.49,257635.01
2021-01-01 0:00,127.41,457013.32
2021-01-02 0:00,125.76,275656.86
2021-01-03 0:00,269.91,327400.88
2021-01-04 0:00,256.85,362923.62
2021-01-05 0:00,417.99,619879.79
2021-01-06 0:00,603,979276.75
2021-01-07 0:00,366.75,483737.23
2021-01-08 0:00,277.96,595110.75
2021-01-09 0:00,281.44,549650.11
2021-01-10 0:00,463.24,847262.19
2021-01-11 0:00,223.85,291449.94
2021-01-12 0:00,184.36,311377.02
2021-01-13 0:00,230.76,571585.54
2021-01-14 0:00,169.22,469767.05
2021-01-15 0:00,181.15,447448.79
2021-01-16 0:00,199.61,684066.46
2021-01-17 0:00,274.71,554084.1
2021-01-18 0:00,364.3,738072.96
2021-01-19 0:00,325.1,528944.73
2021-01-20 0:00,281.47,625428.9
2021-01-21 0:00,263.81,589883.76
2021-01-22 0:00,276.39,635686.2
2021-01-23 0:00,681.26,1498096.67
2021-01-24 0:00,472.84,1126780.81
2021-01-25 0:00,398.26,731206.17
2021-01-26 0:00,270.13,823630.14
2021-01-27 0:00,506.74,1147761.95
2021-01-28 0:00,481.29,779207.53
2021-01-29 0:00,417.51,1234988.41
2021-01-30 0:00,496.08,3122316.84
2021-01-31 0:00,812.63,6757054.41
2021-02-01 0:00,1412.5,7911414.9
2021-02-02 0:00,1848.32,6857270.14
2021-02-03 0:00,1432.09,3375425.48
2021-02-04 0:00,1920.88,3691924.82
2021-02-05 0:00,1374.36,2112384.3
2021-02-06 0:00,1020.66,3017062.5
2021-02-07 0:00,1010.07,2495873.93
2021-02-08 0:00,2269.83,3999445.44
2021-02-09 0:00,1888.98,2808911.15
2021-02-10 0:00,1705.64,1801156.45
2021-02-11 0:00,1044.34,3752327.17
2021-02-12 0:00,693.31,2077838.46
2021-02-13 0:00,1444.02,4642530.61
2021-02-14 0:00,2103.09,7558502.51
2021-02-15 0:00,1786.68,6294484.3
2021-02-16 0:00,1880.21,8908436.73
2021-02-17 0:00,2458.87,10073987.53
2021-02-18 0:00,2951.19,10429516.98
2021-02-19 0:00,3452.51,13015946.34
2021-02-20 0:00,2553.36,8426078.9
2021-02-21 0:00,2844.14,17053477.23
2021-02-22 0:00,4330.22,16047801.38
2021-02-23 0:00,2605.56,6485229.3
2021-02-24 0:00,1490.02,7913501.37
2021-02-25 0:00,1038.23,5770492.77
2021-02-26 0:00,760.96,6401199.81
2021-02-27 0:00,761.92,8886306.55
2021-02-28 0:00,1095.29,7144555.07
2021-03-01 0:00,744.9,10156666.53
2021-03-02 0:00,1188.53,11399180.55
2021-03-03 0:00,1415.36,9488554.82
2021-03-04 0:00,1116.89,7359190.39
2021-03-05 0:00,1044.67,8413756.4
2021-03-06 0:00,839.47,6231394.83
2021-03-07 0:00,694.1,6913905.41
2021-03-08 0:00,1049.91,10610359.16
2021-03-09 0:00,1303.39,10964134.27
2021-03-10 0:00,788.89,9455662.62
2021-03-11 0:00,3763.03,29600022.29
2021-03-12 0:00,2294.09,16719318.64
2021-03-13 0:00,1412.03,15704648.69
2021-03-14 0:00,1647.41,15235292.92
2021-03-15 0:00,1429.56,10475844.99
2021-03-16 0:00,1135.22,10414532.25
2021-03-17 0:00,1252.99,11996130.72
2021-03-18 0:00,1036.05,10360512.73
2021-03-19 0:00,786.48,7961582.09
2021-03-20 0:00,1089.59,9988284.16
2021-03-21 0:00,979.75,13170737.51
2021-03-22 0:00,1074.76,7998382.27
2021-03-23 0:00,969.91,7020194.12
2021-03-24 0:00,1346.21,7171242.13
2021-03-25 0:00,1055.01,5431170.48
2021-03-26 0:00,818.57,6862076.79
2021-03-27 0:00,924.21,6601646.4
2021-03-28 0:00,1076.44,7366108.94
2021-03-29 0:00,1130.81,7170459.11
2021-03-30 0:00,1620.86,8417109.29
2021-03-31 0:00,1380.27,6277484.28
2021-04-01 0:00,1633.96,7524394.21
2021-04-02 0:00,1406.07,5559614.94
2021-04-03 0:00,1060.14,5978155.36
2021-04-04 0:00,688.82,4467009.42
2021-04-05 0:00,1154.37,6414854.62
2021-04-06 0:00,1114.12,5282055.31
2021-04-07 0:00,516.96,4362636.49
2021-04-08 0:00,2220.81,13808981.35
2021-04-09 0:00,1731.73,10580896.6
2021-04-10 0:00,1125.5,7607233.22
2021-04-11 0:00,3545.63,25344175.59
2021-04-12 0:00,1419.55,7678355.62
2021-04-13 0:00,1621.5,8830681.47
2021-04-14 0:00,2001.08,14675957.27
2021-04-15 0:00,1985.18,10255435.24
2021-04-16 0:00,2376.41,12825480.9
2021-04-17 0:00,1303.83,7477471.28
2021-04-18 0:00,1202.86,5973402.78
2021-04-19 0:00,1745.81,6616630.81
2021-04-20 0:00,2022.17,5593325.44
2021-04-21 0:00,1541.91,5865422.92
2021-04-22 0:00,1132.07,6036201.38
2021-04-23 0:00,995.86,5888518.73
2021-04-24 0:00,823.73,4425920.81
2021-04-25 0:00,564.84,3270980.04
2021-04-26 0:00,839.35,4922796.47
2021-04-27 0:00,1309.91,9828243.62
2021-04-28 0:00,1023.14,6070305.86
2021-04-29 0:00,816.59,4447972.54
2021-04-30 0:00,938.69,6451613.36
2021-05-01 0:00,583.37,10130272.66
2021-05-02 0:00,1376.72,11196874.44
2021-05-03 0:00,6561.5,107477348.8
2021-05-04 0:00,3783.53,31762695.11
2021-05-05 0:00,2189.56,15379438
2021-05-06 0:00,1640.02,11186575.64
2021-05-07 0:00,1320.18,8443866.86
2021-05-08 0:00,2759.82,11624365.33
2021-05-09 0:00,1997.13,10185355.06
2021-05-10 0:00,3170.04,7912425
2021-05-11 0:00,2402.81,12076501.86
2021-05-12 0:00,3731.96,22891833.53
2021-05-13 0:00,1520.83,14199984.97
2021-05-14 0:00,1666.95,14257422.35
2021-05-15 0:00,1061.51,8813721.69
2021-05-16 0:00,883.1,7820707.12
2021-05-17 0:00,616.56,4820295.57
2021-05-18 0:00,748.38,6242242.1
2021-05-19 0:00,530.26,3353894.91
2021-05-20 0:00,449.56,4140403.35
2021-05-21 0:00,506.93,4828518.57
2021-05-22 0:00,495.28,7004779.49
2021-05-23 0:00,354.32,4665005.18
2021-05-24 0:00,620.17,6196127.53
2021-05-25 0:00,468.74,4918528.08
2021-05-26 0:00,530.96,5226813.18
2021-05-27 0:00,624.65,7546443.71
2021-05-28 0:00,540.94,6711498.66
2021-05-29 0:00,495.36,6495151.05
2021-05-30 0:00,452.55,6215826.96
2021-05-31 0:00,420.08,6949383.9
2021-06-01 0:00,488.61,9002104.48
2021-06-02 0:00,472.28,6212349.01
2021-06-03 0:00,488.11,6073515.58
2021-06-04 0:00,440.33,6286193.19
2021-06-05 0:00,454.81,6405037.23
2021-06-06 0:00,514,7415429.62
2021-06-07 0:00,646.14,8998145.38
2021-06-08 0:00,506.49,7801974.14
2021-06-09 0:00,410.76,6653853.95
2021-06-10 0:00,427.63,7495037.04
2021-06-11 0:00,522.02,13271745.78
2021-06-12 0:00,375.58,6571927.38
2021-06-13 0:00,354.67,6318725.91
2021-06-14 0:00,384.02,7949581.14
2021-06-15 0:00,440.45,12184518.04
2021-06-16 0:00,423.11,8683840.54
2021-06-17 0:00,443.16,9161980.24
2021-06-18 0:00,278.91,9083320.23
2021-06-19 0:00,318.95,10876507.31
2021-06-20 0:00,424.33,17044651.39
2021-06-21 0:00,414.9,16027307.27
2021-06-22 0:00,406.51,9556952.9
2021-06-23 0:00,450.81,10275796.3
2021-06-24 0:00,399.6,11362278.27
2021-06-25 0:00,458.78,15850809.69
2021-06-26 0:00,404.2,13529118.2
2021-06-27 0:00,267.08,15938434.33
2021-06-28 0:00,414.18,14576663.39
2021-06-29 0:00,350.19,15503213.42
2021-06-30 0:00,279.89,19104506.64
2021-07-01 0:00,328.87,16992740.59
2021-07-02 0:00,418.37,16246266.07
2021-07-03 0:00,400.14,17742724.56
2021-07-04 0:00,556.13,21913247.03
2021-07-05 0:00,461.1,20906951.44
2021-07-06 0:00,544.68,22481680.58
2021-07-07 0:00,563.93,23915178.88
2021-07-08 0:00,485.73,25959307.52
2021-07-09 0:00,593.65,24449352.53
2021-07-10 0:00,553.07,22644141.77
2021-07-11 0:00,550.77,21471039.63
2021-07-12 0:00,626.4,17748351.55
2021-07-13 0:00,618.69,21104068.17
2021-07-14 0:00,657.38,26383424.41
2021-07-15 0:00,564.82,48037325.87
2021-07-16 0:00,472.51,42891714.35
2021-07-17 0:00,571.16,37364353.08
2021-07-18 0:00,495.12,25455248.74
2021-07-19 0:00,499.57,27935973.49
2021-07-20 0:00,397.7,25737699.45
2021-07-21 0:00,461.39,25049173.98
2021-07-22 0:00,400.48,25112491.48
2021-07-23 0:00,468.59,40513188.82
2021-07-24 0:00,511.98,37107513.25
2021-07-25 0:00,509.15,40751727.83
2021-07-26 0:00,599.64,39576730.07
2021-07-27 0:00,493.18,34995050.98
2021-07-28 0:00,445.45,42578311.78
2021-07-29 0:00,495.6,54196367.69
2021-07-30 0:00,722.57,79118703.95
2021-07-31 0:00,954.97,107902287.6
2021-08-01 0:00,1049.98,113820819.8
2021-08-02 0:00,544.73,62301633.33
2021-08-03 0:00,638.55,85796351.94
2021-08-04 0:00,926.49,115777415.7
2021-08-05 0:00,829.47,120047440.4
2021-08-06 0:00,866.1,147948005.6
2021-08-07 0:00,594.61,105991171
2021-08-08 0:00,632.15,120296586.4
2021-08-09 0:00,611.78,124192049.6
2021-08-10 0:00,612.3,109706661.3
2021-08-11 0:00,609.67,104038898.6
2021-08-12 0:00,552.25,88978165.98
2021-08-13 0:00,548.24,89277218.88
2021-08-14 0:00,633.99,97177404.4
2021-08-15 0:00,545.04,98100028.82
2021-08-16 0:00,469.2,82730228.5
2021-08-17 0:00,456.81,77062612.96
2021-08-18 0:00,563.08,79910132.39
2021-08-19 0:00,475.7,66915379.47
2021-08-20 0:00,810.4,114176141.8
2021-08-21 0:00,843.67,145508035.7
2021-08-22 0:00,976.03,139216311.8
2021-08-23 0:00,1987.91,283666632.5
2021-08-24 0:00,1397.06,226528538.5
2021-08-25 0:00,1203.43,183941305
2021-08-26 0:00,948.42,172773106.1
2021-08-27 0:00,1184.6,248109050.9
2021-08-28 0:00,2114.3,378413570.8
2021-08-29 0:00,2321.42,427569989.5
2021-08-30 0:00,1593.68,259680798.3
2021-08-31 0:00,1056.61,187094245.9
2021-09-01 0:00,1155.52,182378449.9
2021-09-02 0:00,1233.9,160138270.7
2021-09-03 0:00,1194.12,160499286.3
2021-09-04 0:00,923.95,133220051.9
2021-09-05 0:00,771.7,120936413
2021-09-06 0:00,758.9,122591291.3
2021-09-07 0:00,701.49,103436840.2
2021-09-08 0:00,633.5,91625985.85
2021-09-09 0:00,627.97,104683239.4
2021-09-10 0:00,543.71,75529545.5
2021-09-11 0:00,431.47,67931955.32
2021-09-12 0:00,442.32,69860254.03
2021-09-13 0:00,724.69,98449709.11
2021-09-14 0:00,634.88,91337923.41
2021-09-15 0:00,639.33,108027569.5
2021-09-16 0:00,896.92,138840985.7
2021-09-17 0:00,519.22,80680605.36
2021-09-18 0:00,542.72,98856964.24
2021-09-19 0:00,601.77,86865013.73
2021-09-20 0:00,463.38,71604061.96
2021-09-21 0:00,486.82,73742832.51
2021-09-22 0:00,416.99,62516766.33
2021-09-23 0:00,597.54,103960353.1
2021-09-24 0:00,489.77,88552350
2021-09-25 0:00,486.62,85946064.56
2021-09-26 0:00,563.25,99020338.34
2021-09-27 0:00,745.46,134582996.5
2021-09-28 0:00,813.7,121942764.1
2021-09-29 0:00,548.53,90296106.1
2021-09-30 0:00,727.35,113922604.3
2021-10-01 0:00,653.61,116566952.7
2021-10-02 0:00,651.91,108899427.8
2021-10-03 0:00,772.28,127301109.5
2021-10-04 0:00,834.4,161767427
2021-10-05 0:00,880.75,135953855.8
2021-10-06 0:00,779.57,119478298.6
2021-10-07 0:00,783.61,139181769.1
2021-10-08 0:00,701.76,129853620.5
2021-10-09 0:00,612.56,92638539.16
2021-10-10 0:00,605.09,100531587
2021-10-11 0:00,551.99,90814507.44
2021-10-12 0:00,564.7,95426126.78
2021-10-13 0:00,725.38,127692548.4
2021-10-14 0:00,729.19,103165509.2
2021-10-15 0:00,883.19,114299528.6
2021-10-16 0:00,651.49,102405563.9
2021-10-17 0:00,666.89,109062324.2
2021-10-18 0:00,701.7,129241871.2
2021-10-19 0:00,611.33,85395687.73
2021-10-20 0:00,554.04,80577786.59
2021-10-21 0:00,642.84,95971281.1
2021-10-22 0:00,650.78,109754321.6
2021-10-23 0:00,642.22,105850254.1
2021-10-24 0:00,610.11,81025632.25
2021-10-25 0:00,599.73,81838822.82
2021-10-26 0:00,553.13,74752657.81
2021-10-27 0:00,539.93,71646047.64
2021-10-28 0:00,681.35,86030903.42
2021-10-29 0:00,713.26,87932934.15
2021-10-30 0:00,617.47,72410379.19
2021-10-31 0:00,587.14,72058617.89
2021-11-01 0:00,580.95,69393500.75
2021-11-02 0:00,551.69,80786715.43
2021-11-03 0:00,573.02,84974936.14
2021-11-04 0:00,575.79,90115763.38
2021-11-05 0:00,463.09,94524699.92
2021-11-06 0:00,461.79,84479155.35
2021-11-07 0:00,535.63,91392341.85
2021-11-08 0:00,627.56,114377113.2
2021-11-09 0:00,491.11,79012659.12
2021-11-10 0:00,495.16,88983640.15
2021-11-11 0:00,481.06,85079276.93
2021-11-12 0:00,544.59,86293464.41
2021-11-13 0:00,806.12,144022445.7
2021-11-14 0:00,912.44,142548204.4
2021-11-15 0:00,1144.42,137585089.3
2021-11-16 0:00,1111.13,130750265.8
2021-11-17 0:00,869.04,132201787.2
2021-11-18 0:00,628.07,121957873.2
2021-11-19 0:00,598.11,111529698
2021-11-20 0:00,604.05,112172107.6
2021-11-21 0:00,694.56,113138171.9
2021-11-22 0:00,728.83,137531726.7
2021-11-23 0:00,580.6,101748377
2021-11-24 0:00,644.97,113910048.7
2021-11-25 0:00,678.32,112151157
2021-11-26 0:00,578.19,83774674.68
2021-11-27 0:00,576.77,90912125.08
2021-11-28 0:00,596.79,106366809
2021-11-29 0:00,728.59,122472888.2
2021-11-30 0:00,654.13,105743744.9
2021-12-01 0:00,660.65,95795294.51
2021-12-02 0:00,622.76,96682868.78
2021-12-03 0:00,698.07,92038485.51
2021-12-04 0:00,481.51,76539872.31
2021-12-05 0:00,584.48,84283308.75
2021-12-06 0:00,599.78,82666991.3
2021-12-07 0:00,637.5,86511894.24
2021-12-08 0:00,490.26,88151757.54
2021-12-09 0:00,1004.77,106116973.8
2021-12-10 0:00,777.12,86027438.08
2021-12-11 0:00,818.18,99888482.56
2021-12-12 0:00,718.57,79722927.89
2021-12-13 0:00,1259.49,131525823.7
2021-12-14 0:00,1163.63,117067189.6
2021-12-15 0:00,830.99,86269785.65
2021-12-16 0:00,932.97,99100564.02
2021-12-17 0:00,911.62,88679844.04
2021-12-18 0:00,777.63,72098490.17
2021-12-19 0:00,658.97,56082805.08
2021-12-20 0:00,627.39,56161093.69
2021-12-21 0:00,742.62,58943985.9
2021-12-22 0:00,725.63,69611709.35
2021-12-23 0:00,832.21,80784785.67
2021-12-24 0:00,1043.94,85855690
2021-12-25 0:00,897.87,55871670.12
2021-12-26 0:00,1044.29,91595334.61
2021-12-27 0:00,1252.19,114428905.3
2021-12-28 0:00,1027.26,97183780.92
2021-12-29 0:00,1121.9,92658110.4
2021-12-30 0:00,914.43,102236122.8
2021-12-31 0:00,1343.73,109781595.6
2022-01-01 0:00,1785.55,130282973.6
2022-01-02 0:00,2057.05,172195334.2
2022-01-03 0:00,1842.39,160013807.5
2022-01-04 0:00,1623.79,165882960.3
2022-01-05 0:00,1200.3,139956303.6
2022-01-06 0:00,1166.42,125440622.4
2022-01-07 0:00,998.35,107673247.7
2022-01-08 0:00,1103.43,119462108.9
2022-01-09 0:00,1282.27,149060187.9
2022-01-10 0:00,1183.65,98485453.22
2022-01-11 0:00,940.54,101431607.2
2022-01-12 0:00,1537.39,158982761.2
2022-01-13 0:00,1133.54,132957107.5
2022-01-14 0:00,1278.75,133083388.3
2022-01-15 0:00,1171.28,140593677
2022-01-16 0:00,974.01,154171595.1
2022-01-17 0:00,888.27,107363970.9
2022-01-18 0:00,1009.14,101097950.4
2022-01-19 0:00,1157.55,160549265.4
2022-01-20 0:00,1217.77,188220575.6
2022-01-21 0:00,1367.9,148851652.7
2022-01-22 0:00,1095.52,90844049.26
2022-01-23 0:00,1035.62,106470518.9
2022-01-24 0:00,938.56,91169176.23
2022-01-25 0:00,1703.32,189396761.1
2022-01-26 0:00,1767.07,199580505.3
2022-01-27 0:00,1630.59,194715423.9
2022-01-28 0:00,1350.59,135787931.1
2022-01-29 0:00,1313.04,151653558
2022-01-30 0:00,1644.43,185511016.7
2022-01-31 0:00,1966.06,202527361.9
2022-02-01 0:00,1753.26,208178917.3
2022-02-02 0:00,1301.52,155047892.4
2022-02-03 0:00,1264.07,137770800.8
2022-02-04 0:00,1247.84,134517900
2022-02-05 0:00,1248.32,100214945.5
2022-02-06 0:00,904.38,88897055.12
2022-02-07 0:00,1181.66,127542089
2022-02-08 0:00,836.63,90819152.59
2022-02-09 0:00,920.03,106683923
2022-02-10 0:00,981.37,111909901
2022-02-11 0:00,1120.45,109682342.4
2022-02-12 0:00,2348.06,236092309.2
2022-02-13 0:00,2174.39,195048949.2
2022-02-14 0:00,1071.76,80308762.81
2022-02-15 0:00,1192.39,87867328.56
2022-02-16 0:00,1216.95,80882387.72
2022-02-17 0:00,925.43,66736748.07
2022-02-18 0:00,1030.91,67308164.79
2022-02-19 0:00,735.96,55799515.43
2022-02-20 0:00,879.63,64691811.33
2022-02-21 0:00,982.91,84840198.22
2022-02-22 0:00,906.08,81323385.08
2022-02-23 0:00,1031.61,102666301.7
2022-02-24 0:00,1368.16,87202173.56
2022-02-25 0:00,1251.69,83009467.2
2022-02-26 0:00,950.38,69084330.87
2022-02-27 0:00,1246.05,73533312.89
2022-02-28 0:00,759.53,53171363.99
2022-03-01 0:00,674.38,42640063.44
2022-03-02 0:00,844.68,57639506.6
2022-03-03 0:00,883.57,53276547.92
2022-03-04 0:00,960.34,62992327.08
2022-03-05 0:00,767.14,52319544.16
2022-03-06 0:00,735.71,35531242.42
2022-03-07 0:00,840.39,42370158.9
2022-03-08 0:00,1041.6,46416787.69
2022-03-09 0:00,839.17,40963843.29
2022-03-10 0:00,896.35,40293807.32
2022-03-11 0:00,1371.79,61303700.56
2022-03-12 0:00,1395.52,59803482.32
2022-03-13 0:00,1099.87,51177931.02
2022-03-14 0:00,906.73,36782563.33
2022-03-15 0:00,947.89,43757509.73
2022-03-16 0:00,1627.81,64433558.4
2022-03-17 0:00,2919.85,125048420.5
2022-03-18 0:00,2573.18,98876939.78
2022-03-19 0:00,2641.25,99493408.73
2022-03-20 0:00,1702.79,69272964.81
2022-03-21 0:00,1504.9,60274174.58
2022-03-22 0:00,1257.97,49302284.85
2022-03-23 0:00,1422.89,60938304.14
2022-03-24 0:00,1732.19,74520358.96
2022-03-25 0:00,1368.82,66293113.81
2022-03-26 0:00,1767.32,55656451.57
2022-03-27 0:00,1505.41,55876477.65
2022-03-28 0:00,1156.75,53269549.02
2022-03-29 0:00,1389.12,49584488.26
2022-03-30 0:00,2541.76,68960531.35
2022-03-31 0:00,2894.9,71668976.05
2022-04-01 0:00,3514.31,82730285.83
2022-04-02 0:00,3730.87,114705705.1
2022-04-03 0:00,3517.61,128551094.3
2022-04-04 0:00,2643.54,104491115.1
2022-04-05 0:00,2498.54,78079511.79
2022-04-06 0:00,994.36,59496589.9
2022-04-07 0:00,1268.3,72135641.02
2022-04-08 0:00,1086.09,48973039.36
2022-04-09 0:00,1317.3,53212469.78
2022-04-10 0:00,1294.93,47838476.87
2022-04-11 0:00,1411.39,45621665.13
2022-04-12 0:00,1449.12,45484967.91
2022-04-13 0:00,1629.11,59081304.16
2022-04-14 0:00,1384.78,61306826.08
2022-04-15 0:00,1301.73,48452972.22
2022-04-16 0:00,4594.79,212449466.9
2022-04-17 0:00,3242.57,115821274.1
2022-04-18 0:00,2474.15,104998078.6
2022-04-19 0:00,2624.22,101623019.1
2022-04-20 0:00,2864.52,98000918.44
2022-04-21 0:00,2981.91,103806377.2
2022-04-22 0:00,2256.31,85692381.14
2022-04-23 0:00,1963.95,87863397.73
2022-04-24 0:00,2248.41,101102225.6
2022-04-25 0:00,2503,110077125
2022-04-26 0:00,1872.7,101807585.9
2022-04-27 0:00,1363.19,83207904.57
2022-04-28 0:00,1574.44,94987786.75
2022-04-29 0:00,2105.85,90955824.61
2022-04-30 0:00,1840.29,99626020.96
2022-05-01 0:00,6661.66,811137361.2
2022-05-02 0:00,2605.98,289436178.5
2022-05-03 0:00,1685.5,147206869.6
2022-05-04 0:00,2800.58,161249151.4
2022-05-05 0:00,3044.78,198437706.1
2022-05-06 0:00,2185.62,124204379.9
2022-05-07 0:00,1740.78,94068223.43
2022-05-08 0:00,1397.65,57405768.5
2022-05-09 0:00,2121.22,83304670.95
2022-05-10 0:00,2991.29,131260869.4
2022-05-11 0:00,2536.51,78385739.03
2022-05-12 0:00,2221.52,64035236.22
2022-05-13 0:00,2424.03,79454907.35
2022-05-14 0:00,2053.57,64812714.36
2022-05-15 0:00,1305.24,35781799.25
2022-05-16 0:00,1222.97,34072009.38
2022-05-17 0:00,1248.97,34640151.85
2022-05-18 0:00,1270.14,38779800.49
2022-05-19 0:00,1047.82,37616693.05
2022-05-20 0:00,991.12,48956349.38
2022-05-21 0:00,640.54,34032685.59
2022-05-22 0:00,823.79,35355525.12
2022-05-23 0:00,1074.64,34305822.07
2022-05-24 0:00,1040.42,29451198.05
2022-05-25 0:00,706.64,35348233.42
2022-05-26 0:00,1115.62,43158737.1
2022-05-27 0:00,1112,34288627.6
2022-05-28 0:00,856.32,26541753.25
2022-05-29 0:00,1049.84,28681746.19
2022-05-30 0:00,1308.98,30758453.52
2022-05-31 0:00,1394.39,41842943.3
2022-06-01 0:00,1595.69,40854531.56
2022-06-02 0:00,1142.9,32551021.9
2022-06-03 0:00,736.57,37557861.99
2022-06-04 0:00,1121.59,34128972.37
2022-06-05 0:00,828.15,30986165.49
2022-06-06 0:00,1150.39,35721796.57
2022-06-07 0:00,1122.04,40713284.26
2022-06-08 0:00,1321.24,43908679.43
2022-06-09 0:00,1348.26,33867051.2
2022-06-10 0:00,1422.68,33778649.73
2022-06-11 0:00,1515.56,34278904.65
2022-06-12 0:00,1493.94,32443845.34
2022-06-13 0:00,1687.36,39501026.25
2022-06-14 0:00,1462.45,39862110.82
2022-06-15 0:00,1258.89,31875114.8
2022-06-16 0:00,1361.95,29690503.36
2022-06-17 0:00,1180.29,26502196
2022-06-18 0:00,1165.59,33896655.13
2022-06-19 0:00,1522.42,37227756.43
2022-06-20 0:00,1437.23,35909075.89
2022-06-21 0:00,1489.99,33964366.62
2022-06-22 0:00,1338.24,35029644.4
2022-06-23 0:00,1005.7,28650515.45
2022-06-24 0:00,1197.26,34100283.91
2022-06-25 0:00,995.11,34601883.23
2022-06-26 0:00,1571.05,35973819.18
2022-06-27 0:00,1424.5,32152464.32
2022-06-28 0:00,1593.46,38301879.84
2022-06-29 0:00,871.02,29235082.57
2022-06-30 0:00,947.41,28790776.79
2022-07-01 0:00,843.26,30270326.64
2022-07-02 0:00,717.34,25245509.81
2022-07-03 0:00,654.17,34317522.71
2022-07-04 0:00,475.74,29188172.48
2022-07-05 0:00,569.46,27928838.58
2022-07-06 0:00,662.66,30032304.48
2022-07-07 0:00,777.64,34082292.18
2022-07-08 0:00,772.76,31349263.12
2022-07-09 0:00,959.54,33309471.16
2022-07-10 0:00,961.09,29301679.81
2022-07-11 0:00,916.73,28869654.26
2022-07-12 0:00,1026.54,31221321.71
2022-07-13 0:00,986.07,34056991.39
2022-07-14 0:00,765.42,27044651.31
2022-07-15 0:00,1182.69,37079697.2
2022-07-16 0:00,1110.38,34813869.12
2022-07-17 0:00,1398.48,39160159.75
2022-07-18 0:00,1284.57,37612210.55
2022-07-19 0:00,1008.01,24601487.06
