"DateTime","Number of sales","Sales USD"
"2017-06-23 00:00:00",19,1020.3
"2017-06-24 00:00:00",21,1240.84
"2017-06-25 00:00:00",13,517.55
"2017-06-26 00:00:00",14,424.63
"2017-06-27 00:00:00",33,2092.91
"2017-06-28 00:00:00",15,1247.26
"2017-06-29 00:00:00",38,2185.72
"2017-06-30 00:00:00",21,1708.15
"2017-07-01 00:00:00",10,3140.8
"2017-07-02 00:00:00",31,2924.61
"2017-07-03 00:00:00",51,7249.8
"2017-07-04 00:00:00",58,13505.93
"2017-07-05 00:00:00",18,1840.28
"2017-07-06 00:00:00",23,7022.18
"2017-07-07 00:00:00",37,7082.51
"2017-07-08 00:00:00",30,3227.88
"2017-07-09 00:00:00",12,969.1
"2017-07-10 00:00:00",17,4910.06
"2017-07-11 00:00:00",43,5709.37
"2017-07-12 00:00:00",17,1778.73
"2017-07-13 00:00:00",31,5300.97
"2017-07-14 00:00:00",7,448.4
"2017-07-15 00:00:00",5,549.69
"2017-07-16 00:00:00",3,319.2
"2017-07-17 00:00:00",5,1452.2
"2017-07-18 00:00:00",30,2921.67
"2017-07-19 00:00:00",31,3436.75
"2017-07-20 00:00:00",21,2352.71
"2017-07-21 00:00:00",21,2135
"2017-07-22 00:00:00",13,1044.77
"2017-07-23 00:00:00",6,421.7
"2017-07-24 00:00:00",15,1126.82
"2017-07-25 00:00:00",8,1769.47
"2017-07-26 00:00:00",5,314.52
"2017-07-27 00:00:00",2,111.75
"2017-07-28 00:00:00",5,374
"2017-07-29 00:00:00",8,1006.8
"2017-07-30 00:00:00",16,1478.99
"2017-07-31 00:00:00",2,213.45
"2017-08-01 00:00:00",2,109
"2017-08-02 00:00:00",1,525.74
"2017-08-03 00:00:00",21,4599.9
"2017-08-04 00:00:00",0,0
"2017-08-05 00:00:00",2,1518.93
"2017-08-06 00:00:00",0,0
"2017-08-07 00:00:00",1,76.52
"2017-08-08 00:00:00",5,997.6
"2017-08-09 00:00:00",3,267.36
"2017-08-10 00:00:00",2,181.03
"2017-08-11 00:00:00",8,659.37
"2017-08-12 00:00:00",17,1038.52
"2017-08-13 00:00:00",7,805.29
"2017-08-14 00:00:00",3,503.88
"2017-08-15 00:00:00",4,260.89
"2017-08-16 00:00:00",2,210.03
"2017-08-17 00:00:00",2,150.29
"2017-08-18 00:00:00",1,88.83
"2017-08-19 00:00:00",1,118.65
"2017-08-20 00:00:00",1,162.34
"2017-08-21 00:00:00",8,792.62
"2017-08-22 00:00:00",1,87.41
"2017-08-23 00:00:00",2,155.23
"2017-08-24 00:00:00",0,0
"2017-08-25 00:00:00",3,256.64
"2017-08-26 00:00:00",1,98.96
"2017-08-27 00:00:00",0,0
"2017-08-28 00:00:00",9,1145.85
"2017-08-29 00:00:00",1,91.7
"2017-08-30 00:00:00",2,174.3
"2017-08-31 00:00:00",1,103.39
"2017-09-01 00:00:00",5,506.11
"2017-09-02 00:00:00",3,69.28
"2017-09-03 00:00:00",0,0
"2017-09-04 00:00:00",3,314.7
"2017-09-05 00:00:00",0,0
"2017-09-06 00:00:00",0,0
"2017-09-07 00:00:00",0,0
"2017-09-08 00:00:00",1,76.12
"2017-09-09 00:00:00",0,0
"2017-09-10 00:00:00",3,202.02
"2017-09-11 00:00:00",2,139.34
"2017-09-12 00:00:00",2,81.36
"2017-09-13 00:00:00",0,0
"2017-09-14 00:00:00",0,0
"2017-09-15 00:00:00",0,0
"2017-09-16 00:00:00",1,70.99
"2017-09-17 00:00:00",2,133.72
"2017-09-18 00:00:00",1,63.35
"2017-09-19 00:00:00",4,378.6
"2017-09-20 00:00:00",3,372.74
"2017-09-21 00:00:00",4,208.55
"2017-09-22 00:00:00",1,71.14
"2017-09-23 00:00:00",4,243.57
"2017-09-24 00:00:00",1,56.14
"2017-09-25 00:00:00",0,0
"2017-09-26 00:00:00",0,0
"2017-09-27 00:00:00",4,423.01
"2017-09-28 00:00:00",1,36.2
"2017-09-29 00:00:00",7,314.35
"2017-09-30 00:00:00",10,160.53
"2017-10-01 00:00:00",1,449.51
"2017-10-02 00:00:00",0,0
"2017-10-03 00:00:00",0,0
"2017-10-04 00:00:00",1,58.61
"2017-10-05 00:00:00",0,0
"2017-10-06 00:00:00",0,0
"2017-10-07 00:00:00",0,0
"2017-10-08 00:00:00",1,93.04
"2017-10-09 00:00:00",1,26.63
"2017-10-10 00:00:00",0,0
"2017-10-11 00:00:00",1,66.71
"2017-10-12 00:00:00",1,39.26
"2017-10-13 00:00:00",4,354.85
"2017-10-14 00:00:00",4,254.86
"2017-10-15 00:00:00",3,177.76
"2017-10-16 00:00:00",2,179.26
"2017-10-17 00:00:00",0,0
"2017-10-18 00:00:00",0,0
"2017-10-19 00:00:00",1,27.76
"2017-10-20 00:00:00",1,96.75
"2017-10-21 00:00:00",1,78.18
"2017-10-22 00:00:00",0,0
"2017-10-23 00:00:00",0,0
"2017-10-24 00:00:00",0,0
"2017-10-25 00:00:00",1,44.77
"2017-10-26 00:00:00",7,268.92
"2017-10-27 00:00:00",6,178.76
"2017-10-28 00:00:00",6,177.88
"2017-10-29 00:00:00",1,21.26
"2017-10-30 00:00:00",3,217.44
"2017-10-31 00:00:00",6,221.59
"2017-11-01 00:00:00",4,111.09
"2017-11-02 00:00:00",3,111.96
"2017-11-03 00:00:00",0,0
"2017-11-04 00:00:00",3,86.99
"2017-11-05 00:00:00",0,0
"2017-11-06 00:00:00",0,0
"2017-11-07 00:00:00",1,265.71
"2017-11-08 00:00:00",0,0
"2017-11-09 00:00:00",2,148.27
"2017-11-10 00:00:00",0,0
"2017-11-11 00:00:00",0,0
"2017-11-12 00:00:00",1,91.11
"2017-11-13 00:00:00",2,63.07
"2017-11-14 00:00:00",1,67.79
"2017-11-15 00:00:00",2,137.06
"2017-11-16 00:00:00",0,0
"2017-11-17 00:00:00",0,0
"2017-11-18 00:00:00",0,0
"2017-11-19 00:00:00",1,35.34
"2017-11-20 00:00:00",4,146.31
"2017-11-21 00:00:00",89,235.91
"2017-11-22 00:00:00",30,526.91
"2017-11-23 00:00:00",802,2306.45
"2017-11-24 00:00:00",2793,4999.15
"2017-11-25 00:00:00",1945,1884
"2017-11-26 00:00:00",1188,1957.53
"2017-11-27 00:00:00",938,1902.34
"2017-11-28 00:00:00",1489,4327.13
"2017-11-29 00:00:00",4743,27040.18
"2017-11-30 00:00:00",7496,21065
"2017-12-01 00:00:00",7303,33471.6
"2017-12-02 00:00:00",12230,258501.64
"2017-12-03 00:00:00",25528,1012823.07
"2017-12-04 00:00:00",33727,2323214.47
"2017-12-05 00:00:00",39229,2200616.39
"2017-12-06 00:00:00",31220,1841329.24
"2017-12-07 00:00:00",36053,1683185.34
"2017-12-08 00:00:00",43167,2033129.6
"2017-12-09 00:00:00",48718,1746135.81
"2017-12-10 00:00:00",50776,1331445.47
"2017-12-11 00:00:00",45701,1089155.81
"2017-12-12 00:00:00",37150,799719.89
"2017-12-13 00:00:00",28859,605433.57
"2017-12-14 00:00:00",30522,587892.27
"2017-12-15 00:00:00",22811,437727.98
"2017-12-16 00:00:00",22175,480042.34
"2017-12-17 00:00:00",18531,402665.64
"2017-12-18 00:00:00",17518,310868.95
"2017-12-19 00:00:00",12493,233220.43
"2017-12-20 00:00:00",15964,261413.31
"2017-12-21 00:00:00",10397,198498.62
"2017-12-22 00:00:00",9587,150935.67
"2017-12-23 00:00:00",11080,148113.44
"2017-12-24 00:00:00",10535,128950.57
"2017-12-25 00:00:00",8300,118608.42
"2017-12-26 00:00:00",6999,117113.26
"2017-12-27 00:00:00",8583,113314.94
"2017-12-28 00:00:00",9582,115838.54
"2017-12-29 00:00:00",8179,110874.15
"2017-12-30 00:00:00",6429,79464.61
"2017-12-31 00:00:00",6772,100518.2
"2018-01-01 00:00:00",7224,110718.7
"2018-01-02 00:00:00",6490,103476.82
"2018-01-03 00:00:00",3674,56376.35
"2018-01-04 00:00:00",2553,58396.11
"2018-01-05 00:00:00",2022,42210.1
"2018-01-06 00:00:00",2802,82176.64
"2018-01-07 00:00:00",3105,62808.55
"2018-01-08 00:00:00",2470,57018.34
"2018-01-09 00:00:00",1780,56115.93
"2018-01-10 00:00:00",1334,52322.81
"2018-01-11 00:00:00",2027,51795.33
"2018-01-12 00:00:00",2442,61269.89
"2018-01-13 00:00:00",2453,61055.58
"2018-01-14 00:00:00",2752,80148.41
"2018-01-15 00:00:00",1808,49429.52
"2018-01-16 00:00:00",2003,54869.09
"2018-01-17 00:00:00",2231,44826.38
"2018-01-18 00:00:00",2665,51000.29
"2018-01-19 00:00:00",3050,73154.65
"2018-01-20 00:00:00",3136,154808.76
"2018-01-21 00:00:00",3039,63414.4
"2018-01-22 00:00:00",5225,67108.49
"2018-01-23 00:00:00",5617,79113.3
"2018-01-24 00:00:00",2858,50398.13
"2018-01-25 00:00:00",2399,41813.58
"2018-01-26 00:00:00",2862,57326.31
"2018-01-27 00:00:00",3119,54396.18
"2018-01-28 00:00:00",2672,73800.87
"2018-01-29 00:00:00",2402,47685.12
"2018-01-30 00:00:00",2974,56917.26
"2018-01-31 00:00:00",3738,111655.12
"2018-02-01 00:00:00",2454,40309.44
"2018-02-02 00:00:00",2734,55254.01
"2018-02-03 00:00:00",2328,36331.14
"2018-02-04 00:00:00",2063,31638.27
"2018-02-05 00:00:00",2284,29371.04
"2018-02-06 00:00:00",3291,35205.97
"2018-02-07 00:00:00",2878,35537.88
"2018-02-08 00:00:00",2681,33145.17
"2018-02-09 00:00:00",2781,47538.99
"2018-02-10 00:00:00",2105,67566.5
"2018-02-11 00:00:00",3300,63123.16
"2018-02-12 00:00:00",3168,56307.57
"2018-02-13 00:00:00",3586,92883.64
"2018-02-14 00:00:00",5597,380112.49
"2018-02-15 00:00:00",6323,759073.41
"2018-02-16 00:00:00",5373,168751.22
"2018-02-17 00:00:00",4276,160610.11
"2018-02-18 00:00:00",4348,170897.42
"2018-02-19 00:00:00",4886,192058.26
"2018-02-20 00:00:00",4494,265535.23
"2018-02-21 00:00:00",3989,91182.47
"2018-02-22 00:00:00",3817,78036.87
"2018-02-23 00:00:00",4108,115572.7
"2018-02-24 00:00:00",8314,167121.87
"2018-02-25 00:00:00",9029,120096.67
"2018-02-26 00:00:00",6632,129662.98
"2018-02-27 00:00:00",8309,162816.18
"2018-02-28 00:00:00",7611,122230.12
"2018-03-01 00:00:00",6057,93286.48
"2018-03-02 00:00:00",4310,76904.82
"2018-03-03 00:00:00",4377,83396.21
"2018-03-04 00:00:00",5067,213830.4
"2018-03-05 00:00:00",4355,134281.72
"2018-03-06 00:00:00",3754,119340.59
"2018-03-07 00:00:00",4684,164663.54
"2018-03-08 00:00:00",6629,99844.18
"2018-03-09 00:00:00",5865,89045.01
"2018-03-10 00:00:00",9103,96450.65
"2018-03-11 00:00:00",4350,64750.69
"2018-03-12 00:00:00",4777,68839.11
"2018-03-13 00:00:00",3694,62559.95
"2018-03-14 00:00:00",4373,55822.6
"2018-03-15 00:00:00",3865,39693.67
"2018-03-16 00:00:00",3064,46032.73
"2018-03-17 00:00:00",3711,50194.4
"2018-03-18 00:00:00",2786,39320.9
"2018-03-19 00:00:00",3093,52077.77
"2018-03-20 00:00:00",3033,215757.85
"2018-03-21 00:00:00",3340,259445.59
"2018-03-22 00:00:00",3361,139489.38
"2018-03-23 00:00:00",3103,292288.42
"2018-03-24 00:00:00",3122,117257.6
"2018-03-25 00:00:00",6273,113816.29
"2018-03-26 00:00:00",3010,96156.47
"2018-03-27 00:00:00",3340,104017.96
"2018-03-28 00:00:00",3566,189591.41
"2018-03-29 00:00:00",3717,88095.31
"2018-03-30 00:00:00",5647,212948.94
"2018-03-31 00:00:00",3007,77958.16
"2018-04-01 00:00:00",2785,73275.51
"2018-04-02 00:00:00",3065,60061.69
"2018-04-03 00:00:00",3128,75839.1
"2018-04-04 00:00:00",2872,49102.55
"2018-04-05 00:00:00",2701,62693.11
"2018-04-06 00:00:00",3720,67258.34
"2018-04-07 00:00:00",2675,41457.95
"2018-04-08 00:00:00",7429,70478.41
"2018-04-09 00:00:00",5228,48037.96
"2018-04-10 00:00:00",3225,52436.45
"2018-04-11 00:00:00",3382,69635.99
"2018-04-12 00:00:00",2879,42933.53
"2018-04-13 00:00:00",6061,91157.76
"2018-04-14 00:00:00",4837,85272.87
"2018-04-15 00:00:00",3900,90824.77
"2018-04-16 00:00:00",3710,60488.62
"2018-04-17 00:00:00",5020,83907.8
"2018-04-18 00:00:00",4097,66086.5
"2018-04-19 00:00:00",3812,59367.72
"2018-04-20 00:00:00",4008,49424.84
"2018-04-21 00:00:00",2544,45728.43
"2018-04-22 00:00:00",1778,49485.47
"2018-04-23 00:00:00",1822,155678.62
"2018-04-24 00:00:00",2203,82358.96
"2018-04-25 00:00:00",2262,93725.36
"2018-04-26 00:00:00",1776,60775.97
"2018-04-27 00:00:00",3247,59185.14
"2018-04-28 00:00:00",5054,59103.74
"2018-04-29 00:00:00",9817,99944.51
"2018-04-30 00:00:00",3238,107291.18
"2018-05-01 00:00:00",2129,68029.8
"2018-05-02 00:00:00",2019,94953.32
"2018-05-03 00:00:00",1636,67185.24
"2018-05-04 00:00:00",2758,84092.46
"2018-05-05 00:00:00",3429,87058.6
"2018-05-06 00:00:00",2765,60699.12
"2018-05-07 00:00:00",2685,57791.7
"2018-05-08 00:00:00",3651,79385.7
"2018-05-09 00:00:00",2333,56313.78
"2018-05-10 00:00:00",2045,53906.92
"2018-05-11 00:00:00",2443,71415.94
"2018-05-12 00:00:00",2235,38093.56
"2018-05-13 00:00:00",1767,44100.14
"2018-05-14 00:00:00",1389,28611.06
"2018-05-15 00:00:00",1624,26244.34
"2018-05-16 00:00:00",2430,43725.95
"2018-05-17 00:00:00",3854,52018.62
"2018-05-18 00:00:00",3354,51810.91
"2018-05-19 00:00:00",3616,44705.53
"2018-05-20 00:00:00",2623,53104.13
"2018-05-21 00:00:00",1803,31178.77
"2018-05-22 00:00:00",1827,30749.6
"2018-05-23 00:00:00",1687,28326.78
"2018-05-24 00:00:00",3002,43028
"2018-05-25 00:00:00",2263,52285.41
"2018-05-26 00:00:00",2706,49105.88
"2018-05-27 00:00:00",2797,40576.71
"2018-05-28 00:00:00",2047,48516.25
"2018-05-29 00:00:00",4070,51311.4
"2018-05-30 00:00:00",4484,60481.49
"2018-05-31 00:00:00",3294,44200.67
"2018-06-01 00:00:00",2798,33708.56
"2018-06-02 00:00:00",2856,47632.85
"2018-06-03 00:00:00",2283,58260.63
"2018-06-04 00:00:00",2150,49757.85
"2018-06-05 00:00:00",2475,56248.57
"2018-06-06 00:00:00",1960,53603.46
"2018-06-07 00:00:00",2130,63251.61
"2018-06-08 00:00:00",2022,67539.75
"2018-06-09 00:00:00",2749,36132.86
"2018-06-10 00:00:00",2015,40044.2
"2018-06-11 00:00:00",3276,42276.2
"2018-06-12 00:00:00",2740,36185.97
"2018-06-13 00:00:00",2168,50917.29
"2018-06-14 00:00:00",1869,45506.05
"2018-06-15 00:00:00",5203,50113.16
"2018-06-16 00:00:00",2303,28173.59
"2018-06-17 00:00:00",2378,60411.98
"2018-06-18 00:00:00",2657,99729.94
"2018-06-19 00:00:00",2643,96487.65
"2018-06-20 00:00:00",1871,45533.18
"2018-06-21 00:00:00",2967,71863.75
"2018-06-22 00:00:00",5060,58962.91
"2018-06-23 00:00:00",2895,48488.66
"2018-06-24 00:00:00",2935,54035.17
"2018-06-25 00:00:00",2475,45043.33
"2018-06-26 00:00:00",2247,39721.41
"2018-06-27 00:00:00",2368,37967.99
"2018-06-28 00:00:00",2547,41096.7
"2018-06-29 00:00:00",3221,60564.87
"2018-06-30 00:00:00",2381,36665.86
"2018-07-01 00:00:00",1314,20020.92
"2018-07-02 00:00:00",689,17961.66
"2018-07-03 00:00:00",616,31245.32
"2018-07-04 00:00:00",748,104023.52
"2018-07-05 00:00:00",948,33501.47
"2018-07-06 00:00:00",1668,22645.59
"2018-07-07 00:00:00",1255,17567.16
"2018-07-08 00:00:00",1767,22322.22
"2018-07-09 00:00:00",2770,36809.21
"2018-07-10 00:00:00",2009,31586.37
"2018-07-11 00:00:00",2395,40208.21
"2018-07-12 00:00:00",2976,44827.17
"2018-07-13 00:00:00",3794,47345.67
"2018-07-14 00:00:00",1581,18910.35
"2018-07-15 00:00:00",1371,31901.69
"2018-07-16 00:00:00",2170,56275.22
"2018-07-17 00:00:00",1884,42418.14
"2018-07-18 00:00:00",1800,47208.02
"2018-07-19 00:00:00",1971,33490.58
"2018-07-20 00:00:00",1716,26723.05
"2018-07-21 00:00:00",2201,29915.69
"2018-07-22 00:00:00",2104,53092.9
"2018-07-23 00:00:00",2161,42770.1
"2018-07-24 00:00:00",1848,52211.37
"2018-07-25 00:00:00",2422,41542.34
"2018-07-26 00:00:00",3361,44163.95
"2018-07-27 00:00:00",4089,415721.05
"2018-07-28 00:00:00",3040,897060.38
"2018-07-29 00:00:00",2191,30689.46
"2018-07-30 00:00:00",1798,173964.94
"2018-07-31 00:00:00",2022,94111.36
"2018-08-01 00:00:00",2525,34035.58
"2018-08-02 00:00:00",2324,232951.42
"2018-08-03 00:00:00",1737,46194.89
"2018-08-04 00:00:00",1984,53761.15
"2018-08-05 00:00:00",1759,57666.62
"2018-08-06 00:00:00",1583,44249.93
"2018-08-07 00:00:00",1383,53018.14
"2018-08-08 00:00:00",1460,33993.72
"2018-08-09 00:00:00",1381,33134.96
"2018-08-10 00:00:00",1444,21132.72
"2018-08-11 00:00:00",1829,20521.51
"2018-08-12 00:00:00",2377,25435.06
"2018-08-13 00:00:00",2593,34192.91
"2018-08-14 00:00:00",3252,78348.73
"2018-08-15 00:00:00",3327,65210.84
"2018-08-16 00:00:00",3657,51676.01
"2018-08-17 00:00:00",5066,57891.83
"2018-08-18 00:00:00",5972,88665.99
"2018-08-19 00:00:00",6706,73427.4
"2018-08-20 00:00:00",3531,48430.36
"2018-08-21 00:00:00",3580,82445.62
"2018-08-22 00:00:00",2608,51791.4
"2018-08-23 00:00:00",4234,101186.29
"2018-08-24 00:00:00",5306,94878.07
"2018-08-25 00:00:00",4823,157056.88
"2018-08-26 00:00:00",3857,50377.17
"2018-08-27 00:00:00",5036,64095.11
"2018-08-28 00:00:00",4212,79556.21
"2018-08-29 00:00:00",5042,69637.97
"2018-08-30 00:00:00",8333,67406.22
"2018-08-31 00:00:00",10616,82550.91
"2018-09-01 00:00:00",9500,79217.93
"2018-09-02 00:00:00",8075,75485.71
"2018-09-03 00:00:00",7327,75655.12
"2018-09-04 00:00:00",4978,226059.8
"2018-09-05 00:00:00",5597,94771.44
"2018-09-06 00:00:00",7273,51758.93
"2018-09-07 00:00:00",7958,75774.96
"2018-09-08 00:00:00",6080,98217.06
"2018-09-09 00:00:00",9086,87643.33
"2018-09-10 00:00:00",8009,149738.13
"2018-09-11 00:00:00",10666,79343.21
"2018-09-12 00:00:00",9386,158998.88
"2018-09-13 00:00:00",4406,163278.98
"2018-09-14 00:00:00",4660,146175.87
"2018-09-15 00:00:00",3749,103175.33
"2018-09-16 00:00:00",3252,177417.95
"2018-09-17 00:00:00",3841,68913.98
"2018-09-18 00:00:00",4251,88322.71
"2018-09-19 00:00:00",5357,116362.76
"2018-09-20 00:00:00",4439,98589.29
"2018-09-21 00:00:00",5275,157580.56
"2018-09-22 00:00:00",7064,68630.75
"2018-09-23 00:00:00",5463,203709.92
"2018-09-24 00:00:00",4801,85269.65
"2018-09-25 00:00:00",4725,64890.22
"2018-09-26 00:00:00",5803,83598.75
"2018-09-27 00:00:00",6178,102634.9
"2018-09-28 00:00:00",3623,49167.79
"2018-09-29 00:00:00",4195,83731.53
"2018-09-30 00:00:00",4918,52043.3
"2018-10-01 00:00:00",4374,72407.7
"2018-10-02 00:00:00",3110,88207.8
"2018-10-03 00:00:00",3768,156822.62
"2018-10-04 00:00:00",4260,119477.94
"2018-10-05 00:00:00",7338,112784.22
"2018-10-06 00:00:00",4429,74562.88
"2018-10-07 00:00:00",4443,83273.57
"2018-10-08 00:00:00",4215,61012.91
"2018-10-09 00:00:00",3674,74761.82
"2018-10-10 00:00:00",4290,94893.11
"2018-10-11 00:00:00",6261,144445.78
"2018-10-12 00:00:00",4659,175673.57
"2018-10-13 00:00:00",3948,131840.31
"2018-10-14 00:00:00",3300,71707.36
"2018-10-15 00:00:00",3085,95913.81
"2018-10-16 00:00:00",3336,52748.85
"2018-10-17 00:00:00",5478,87001.5
"2018-10-18 00:00:00",3450,96608.84
"2018-10-19 00:00:00",7969,80351.65
"2018-10-20 00:00:00",4621,51126.12
"2018-10-21 00:00:00",5459,48900.38
"2018-10-22 00:00:00",4195,188476.6
"2018-10-23 00:00:00",5166,97175.92
"2018-10-24 00:00:00",4212,93004.51
"2018-10-25 00:00:00",3525,61318.64
"2018-10-26 00:00:00",4508,54046.47
"2018-10-27 00:00:00",5350,58350.19
"2018-10-28 00:00:00",4256,61873.52
"2018-10-29 00:00:00",4236,61703.39
"2018-10-30 00:00:00",3756,132255.64
"2018-10-31 00:00:00",3691,41644.82
"2018-11-01 00:00:00",3895,108860.2
"2018-11-02 00:00:00",3786,122969.92
"2018-11-03 00:00:00",4554,48018.46
"2018-11-04 00:00:00",4491,56912.69
"2018-11-05 00:00:00",4326,277425.75
"2018-11-06 00:00:00",3634,100671.18
"2018-11-07 00:00:00",5216,125927.39
"2018-11-08 00:00:00",3654,121546.15
"2018-11-09 00:00:00",3447,77313.44
"2018-11-10 00:00:00",4024,64334.29
"2018-11-11 00:00:00",3996,229312.47
"2018-11-12 00:00:00",3912,92202.75
"2018-11-13 00:00:00",5214,149130.72
"2018-11-14 00:00:00",5302,142126.66
"2018-11-15 00:00:00",10235,126557.97
"2018-11-16 00:00:00",6394,91658.7
"2018-11-17 00:00:00",4801,38937.05
"2018-11-18 00:00:00",4537,57880.13
"2018-11-19 00:00:00",3934,110098.14
"2018-11-20 00:00:00",4021,78741.24
"2018-11-21 00:00:00",6145,40302.9
"2018-11-22 00:00:00",6607,55182.4
"2018-11-23 00:00:00",4507,73669.01
"2018-11-24 00:00:00",4526,45921.94
"2018-11-25 00:00:00",5113,29626.97
"2018-11-26 00:00:00",5725,44322.19
"2018-11-27 00:00:00",6169,49564.01
"2018-11-28 00:00:00",5115,47789.9
"2018-11-29 00:00:00",4431,96461.53
"2018-11-30 00:00:00",5920,101154.94
"2018-12-01 00:00:00",10711,60527.32
"2018-12-02 00:00:00",7508,54617.29
"2018-12-03 00:00:00",7094,37493.78
"2018-12-04 00:00:00",6366,44192.96
"2018-12-05 00:00:00",13552,55041.12
"2018-12-06 00:00:00",5511,33172.03
"2018-12-07 00:00:00",6347,31740.9
"2018-12-08 00:00:00",4413,72353.54
"2018-12-09 00:00:00",4385,43542.13
"2018-12-10 00:00:00",3090,31709.93
"2018-12-11 00:00:00",3468,184655.46
"2018-12-12 00:00:00",3861,877650.89
"2018-12-13 00:00:00",5441,45389.88
"2018-12-14 00:00:00",4729,183749.83
"2018-12-15 00:00:00",6231,117979.45
"2018-12-16 00:00:00",6051,193151.42
"2018-12-17 00:00:00",4713,56039.71
"2018-12-18 00:00:00",3666,58721.29
"2018-12-19 00:00:00",4034,393317.84
"2018-12-20 00:00:00",4896,1018608.44
"2018-12-21 00:00:00",6954,2848776.8
"2018-12-22 00:00:00",3745,460007.26
"2018-12-23 00:00:00",7151,1354033.5
"2018-12-24 00:00:00",3959,66532.22
"2018-12-25 00:00:00",3118,64396.21
"2018-12-26 00:00:00",2911,26081.35
"2018-12-27 00:00:00",2832,27763.83
"2018-12-28 00:00:00",3185,63361.64
"2018-12-29 00:00:00",3060,24917.68
"2018-12-30 00:00:00",3033,54069.48
"2018-12-31 00:00:00",3362,61376.56
"2019-01-01 00:00:00",2428,20331.77
"2019-01-02 00:00:00",2629,29062.92
"2019-01-03 00:00:00",2675,44896.41
"2019-01-04 00:00:00",2722,51870.71
"2019-01-05 00:00:00",2772,30808.49
"2019-01-06 00:00:00",2715,733070.32
"2019-01-07 00:00:00",3151,37130.89
"2019-01-08 00:00:00",2333,55068.63
"2019-01-09 00:00:00",2382,42106.58
"2019-01-10 00:00:00",3445,42838.12
"2019-01-11 00:00:00",8385,59914.21
"2019-01-12 00:00:00",5806,70386.39
"2019-01-13 00:00:00",5425,86139.99
"2019-01-14 00:00:00",4553,105746.97
"2019-01-15 00:00:00",4159,33374.35
"2019-01-16 00:00:00",4392,67807.62
"2019-01-17 00:00:00",3709,45167.89
"2019-01-18 00:00:00",4561,57108.12
"2019-01-19 00:00:00",4197,39880.33
"2019-01-20 00:00:00",4663,63637.09
"2019-01-21 00:00:00",4298,33940.08
"2019-01-22 00:00:00",2423,24850.18
"2019-01-23 00:00:00",3016,27579
"2019-01-24 00:00:00",3806,27879.33
"2019-01-25 00:00:00",3241,44968.32
"2019-01-26 00:00:00",7130,36764.37
"2019-01-27 00:00:00",6767,59945.2
"2019-01-28 00:00:00",4817,61779.56
"2019-01-29 00:00:00",3231,25326.29
"2019-01-30 00:00:00",3326,889807.27
"2019-01-31 00:00:00",2981,28515.89
"2019-02-01 00:00:00",3765,31063.84
"2019-02-02 00:00:00",4115,37252.79
"2019-02-03 00:00:00",4718,40623.33
"2019-02-04 00:00:00",3211,30452.99
"2019-02-05 00:00:00",3009,56023.89
"2019-02-06 00:00:00",2430,52084.96
"2019-02-07 00:00:00",2752,35014.9
"2019-02-08 00:00:00",3146,28042.47
"2019-02-09 00:00:00",5790,26149.09
"2019-02-10 00:00:00",5726,53750.82
"2019-02-11 00:00:00",4550,44026.66
"2019-02-12 00:00:00",3800,27897.65
"2019-02-13 00:00:00",3745,26555.59
"2019-02-14 00:00:00",4568,31208.85
"2019-02-15 00:00:00",3652,35094.15
"2019-02-16 00:00:00",6375,29527.71
"2019-02-17 00:00:00",5026,59094.31
"2019-02-18 00:00:00",4467,38990.82
"2019-02-19 00:00:00",2768,59144.19
"2019-02-20 00:00:00",3690,54947.76
"2019-02-21 00:00:00",3523,57028.22
"2019-02-22 00:00:00",4255,41658.38
"2019-02-23 00:00:00",4854,35640.29
"2019-02-24 00:00:00",3878,35013.44
"2019-02-25 00:00:00",4134,39081.85
"2019-02-26 00:00:00",4557,60519.48
"2019-02-27 00:00:00",2837,55291.77
"2019-02-28 00:00:00",2382,35892.48
"2019-03-01 00:00:00",3696,62332.87
"2019-03-02 00:00:00",5466,94733.76
"2019-03-03 00:00:00",6910,59448.99
"2019-03-04 00:00:00",5284,89006.8
"2019-03-05 00:00:00",4795,96332.14
"2019-03-06 00:00:00",5035,71424.63
"2019-03-07 00:00:00",5637,59912.32
"2019-03-08 00:00:00",6552,76918.75
"2019-03-09 00:00:00",6188,70387.45
"2019-03-10 00:00:00",5006,81015.06
"2019-03-11 00:00:00",4040,51353.98
"2019-03-12 00:00:00",4481,108759.27
"2019-03-13 00:00:00",3955,61661.54
"2019-03-14 00:00:00",3885,72893.83
"2019-03-15 00:00:00",4568,70191.24
"2019-03-16 00:00:00",7369,62517.57
"2019-03-17 00:00:00",6586,84001.88
"2019-03-18 00:00:00",4325,53873.09
"2019-03-19 00:00:00",4530,58110.25
"2019-03-20 00:00:00",4687,62992.39
"2019-03-21 00:00:00",4423,51177.4
"2019-03-22 00:00:00",4840,53563.17
"2019-03-23 00:00:00",5952,77776.15
"2019-03-24 00:00:00",6189,90443.42
"2019-03-25 00:00:00",5165,63359.12
"2019-03-26 00:00:00",4813,81223.64
"2019-03-27 00:00:00",4420,51165.78
"2019-03-28 00:00:00",4015,111607.84
"2019-03-29 00:00:00",26599,112520.04
"2019-03-30 00:00:00",9419,70011.93
"2019-03-31 00:00:00",10738,76875.4
"2019-04-01 00:00:00",7983,98056.82
"2019-04-02 00:00:00",5371,118966.32
"2019-04-03 00:00:00",4234,69667.64
"2019-04-04 00:00:00",3785,91845.66
"2019-04-05 00:00:00",3638,75579.25
"2019-04-06 00:00:00",4254,56276.19
"2019-04-07 00:00:00",4152,67011.37
"2019-04-08 00:00:00",3315,75794.89
"2019-04-09 00:00:00",3432,66185.77
"2019-04-10 00:00:00",3527,54286.03
"2019-04-11 00:00:00",3063,62661.02
"2019-04-12 00:00:00",3685,74926.41
"2019-04-13 00:00:00",6534,62086.15
"2019-04-14 00:00:00",7224,47297.39
"2019-04-15 00:00:00",3727,98294.12
"2019-04-16 00:00:00",3892,60530.04
"2019-04-17 00:00:00",4298,41273.15
"2019-04-18 00:00:00",4414,46816.64
"2019-04-19 00:00:00",5011,52455.78
"2019-04-20 00:00:00",4603,45813.69
"2019-04-21 00:00:00",4545,59720
"2019-04-22 00:00:00",3941,42484.39
"2019-04-23 00:00:00",3769,49494.78
"2019-04-24 00:00:00",3797,101512.37
"2019-04-25 00:00:00",3592,45335.86
"2019-04-26 00:00:00",3200,50564.15
"2019-04-27 00:00:00",4580,76930.08
"2019-04-28 00:00:00",4525,46977.28
"2019-04-29 00:00:00",3785,40232.48
"2019-04-30 00:00:00",3770,205974.99
"2019-05-01 00:00:00",5175,44407.39
"2019-05-02 00:00:00",4812,69418.69
"2019-05-03 00:00:00",4133,49957.25
"2019-05-04 00:00:00",4891,44270.24
"2019-05-05 00:00:00",4412,56233.13
"2019-05-06 00:00:00",3635,38879
"2019-05-07 00:00:00",2283,38103.22
"2019-05-08 00:00:00",4095,53913.25
"2019-05-09 00:00:00",4124,42160.63
"2019-05-10 00:00:00",5430,89259.49
"2019-05-11 00:00:00",7299,49950.8
"2019-05-12 00:00:00",5464,63253.73
"2019-05-13 00:00:00",4657,72712.7
"2019-05-14 00:00:00",3875,40126.59
"2019-05-15 00:00:00",2412,70477.62
"2019-05-16 00:00:00",2196,48139.21
"2019-05-17 00:00:00",2395,91441.01
"2019-05-18 00:00:00",2585,50592.81
"2019-05-19 00:00:00",3198,45598.53
"2019-05-20 00:00:00",3025,63580.29
"2019-05-21 00:00:00",2931,80170.47
"2019-05-22 00:00:00",2976,61979.18
"2019-05-23 00:00:00",2661,58452.79
"2019-05-24 00:00:00",3517,135380.66
"2019-05-25 00:00:00",4776,79548.29
"2019-05-26 00:00:00",4756,71205.75
"2019-05-27 00:00:00",4469,186264.71
"2019-05-28 00:00:00",5193,98861.3
"2019-05-29 00:00:00",4716,69019.11
"2019-05-30 00:00:00",5809,65627.51
"2019-05-31 00:00:00",4632,85871.58
"2019-06-01 00:00:00",2897,48543.77
"2019-06-02 00:00:00",2980,67606.45
"2019-06-03 00:00:00",2928,113222.84
"2019-06-04 00:00:00",2469,43231.31
"2019-06-05 00:00:00",3204,56618.38
"2019-06-06 00:00:00",2701,59000.86
"2019-06-07 00:00:00",3759,95194.48
"2019-06-08 00:00:00",3104,38172.44
"2019-06-09 00:00:00",4772,48414.8
"2019-06-10 00:00:00",3021,47927.08
"2019-06-11 00:00:00",3572,44166.6
"2019-06-12 00:00:00",3811,68474.39
"2019-06-13 00:00:00",4263,83224
"2019-06-14 00:00:00",3360,64981.93
"2019-06-15 00:00:00",3369,58655.94
"2019-06-16 00:00:00",4063,74226
"2019-06-17 00:00:00",3024,50532.23
"2019-06-18 00:00:00",3022,135495.01
"2019-06-19 00:00:00",2976,115857.62
"2019-06-20 00:00:00",2231,75258.18
"2019-06-21 00:00:00",3292,179034.18
"2019-06-22 00:00:00",3874,120832.73
"2019-06-23 00:00:00",3741,55356.96
"2019-06-24 00:00:00",3776,125038.71
"2019-06-25 00:00:00",2806,46648.41
"2019-06-26 00:00:00",2771,75866.35
"2019-06-27 00:00:00",1793,44038.28
"2019-06-28 00:00:00",1812,46002.7
"2019-06-29 00:00:00",2855,70814.84
"2019-06-30 00:00:00",2062,40985.72
"2019-07-01 00:00:00",1497,25070.45
"2019-07-02 00:00:00",1508,30552.01
"2019-07-03 00:00:00",1794,37133.09
"2019-07-04 00:00:00",2528,59532.98
"2019-07-05 00:00:00",2163,52290.93
"2019-07-06 00:00:00",3048,29444.82
"2019-07-07 00:00:00",2878,53321.68
"2019-07-08 00:00:00",2606,53712.4
"2019-07-09 00:00:00",2956,66692.64
"2019-07-10 00:00:00",2677,90059.19
"2019-07-11 00:00:00",1885,58871.72
"2019-07-12 00:00:00",2396,36199.17
"2019-07-13 00:00:00",2775,42706.38
"2019-07-14 00:00:00",2732,55088.27
"2019-07-15 00:00:00",2518,71734.82
"2019-07-16 00:00:00",1167,49713.11
"2019-07-17 00:00:00",2753,63019.71
"2019-07-18 00:00:00",4314,58757.75
"2019-07-19 00:00:00",2959,27570.39
"2019-07-20 00:00:00",4754,36276.63
"2019-07-21 00:00:00",4761,37002.11
"2019-07-22 00:00:00",3422,36093.83
"2019-07-23 00:00:00",3683,33263.18
"2019-07-24 00:00:00",2838,25585.13
"2019-07-25 00:00:00",2545,24285.49
"2019-07-26 00:00:00",4065,32992.02
"2019-07-27 00:00:00",3992,34745.44
"2019-07-28 00:00:00",3957,34140.38
"2019-07-29 00:00:00",3972,52684.58
"2019-07-30 00:00:00",4204,36887.63
"2019-07-31 00:00:00",3620,53700.76
"2019-08-01 00:00:00",3094,71054.42
"2019-08-02 00:00:00",2835,32981.47
"2019-08-03 00:00:00",3429,38005.59
"2019-08-04 00:00:00",3758,37733.01
"2019-08-05 00:00:00",3363,32641.59
"2019-08-06 00:00:00",2188,37026.18
"2019-08-07 00:00:00",2830,37390.73
"2019-08-08 00:00:00",2855,41158.41
"2019-08-09 00:00:00",2802,41931.04
"2019-08-10 00:00:00",2160,22064.71
"2019-08-11 00:00:00",2382,23864.54
"2019-08-12 00:00:00",2458,109535.54
"2019-08-13 00:00:00",2604,42876.55
"2019-08-14 00:00:00",2701,36701.05
"2019-08-15 00:00:00",2593,34841.56
"2019-08-16 00:00:00",2669,44915.77
"2019-08-17 00:00:00",3633,22931.24
"2019-08-18 00:00:00",3746,21775.95
"2019-08-19 00:00:00",2323,31809.73
"2019-08-20 00:00:00",2829,25461.85
"2019-08-21 00:00:00",2334,24407.25
"2019-08-22 00:00:00",2535,41265.58
"2019-08-23 00:00:00",3037,40193.69
"2019-08-24 00:00:00",3666,41044.64
"2019-08-25 00:00:00",2788,34729.81
"2019-08-26 00:00:00",2012,50053.41
"2019-08-27 00:00:00",2947,24230.83
"2019-08-28 00:00:00",3069,63940.51
"2019-08-29 00:00:00",3007,45919.17
"2019-08-30 00:00:00",2367,30847.58
"2019-08-31 00:00:00",4792,50123.62
"2019-09-01 00:00:00",4598,47917.92
"2019-09-02 00:00:00",3986,43988.8
"2019-09-03 00:00:00",2951,38367.42
"2019-09-04 00:00:00",2267,89852.07
"2019-09-05 00:00:00",1697,36774.94
"2019-09-06 00:00:00",1489,29237.86
"2019-09-07 00:00:00",1488,25088.13
"2019-09-08 00:00:00",1447,44909.5
"2019-09-09 00:00:00",1382,76003.81
"2019-09-10 00:00:00",1152,31172.99
"2019-09-11 00:00:00",1264,32206.3
"2019-09-12 00:00:00",1299,39002.52
"2019-09-13 00:00:00",1287,65609.64
"2019-09-14 00:00:00",2876,36449.04
"2019-09-15 00:00:00",2537,28061.75
"2019-09-16 00:00:00",1247,38808.44
"2019-09-17 00:00:00",1071,30664.73
"2019-09-18 00:00:00",1135,30077.81
"2019-09-19 00:00:00",1113,75176.89
"2019-09-20 00:00:00",882,22737.31
"2019-09-21 00:00:00",2318,31617.58
"2019-09-22 00:00:00",2087,31189.77
"2019-09-23 00:00:00",1504,32369.91
"2019-09-24 00:00:00",1229,37603.19
"2019-09-25 00:00:00",1070,31627.77
"2019-09-26 00:00:00",1138,34248.95
"2019-09-27 00:00:00",984,22014.82
"2019-09-28 00:00:00",2020,19552.17
"2019-09-29 00:00:00",2555,74550.71
"2019-09-30 00:00:00",2060,31337.82
"2019-10-01 00:00:00",3569,39428.93
"2019-10-02 00:00:00",3270,37735.51
"2019-10-03 00:00:00",3968,30384.51
"2019-10-04 00:00:00",3321,31746.1
"2019-10-05 00:00:00",3441,19313.81
"2019-10-06 00:00:00",2810,53668.25
"2019-10-07 00:00:00",3142,43776.39
"2019-10-08 00:00:00",3235,40279.62
"2019-10-09 00:00:00",5400,95414.5
"2019-10-10 00:00:00",3712,27207.96
"2019-10-11 00:00:00",5072,28230.05
"2019-10-12 00:00:00",3207,30195.36
"2019-10-13 00:00:00",3091,74430.66
"2019-10-14 00:00:00",3396,111464.93
"2019-10-15 00:00:00",4617,243137.88
"2019-10-16 00:00:00",3445,177556.19
"2019-10-17 00:00:00",4628,151133.25
"2019-10-18 00:00:00",4144,127190.45
"2019-10-19 00:00:00",3906,122846.76
"2019-10-20 00:00:00",8534,272958
"2019-10-21 00:00:00",3111,79584.51
"2019-10-22 00:00:00",3208,87377.44
"2019-10-23 00:00:00",2192,67813.42
"2019-10-24 00:00:00",2210,73037.4
"2019-10-25 00:00:00",2554,82163.17
"2019-10-26 00:00:00",3922,89623.31
"2019-10-27 00:00:00",3599,94207.52
"2019-10-28 00:00:00",3670,74794.07
"2019-10-29 00:00:00",2828,66763.15
"2019-10-30 00:00:00",2710,80530.41
"2019-10-31 00:00:00",2684,66382.15
"2019-11-01 00:00:00",3340,50526.36
"2019-11-02 00:00:00",3943,66186.68
"2019-11-03 00:00:00",3012,83761.01
"2019-11-04 00:00:00",2863,60257.42
"2019-11-05 00:00:00",3021,47518.49
"2019-11-06 00:00:00",4841,63610.22
"2019-11-07 00:00:00",5768,72576.27
"2019-11-08 00:00:00",4592,40965.89
"2019-11-09 00:00:00",5066,38559.51
"2019-11-10 00:00:00",5015,64599.81
"2019-11-11 00:00:00",3411,78206.78
"2019-11-12 00:00:00",3724,49008.31
"2019-11-13 00:00:00",3796,41635.95
"2019-11-14 00:00:00",2638,40312.93
"2019-11-15 00:00:00",2989,26284.77
"2019-11-16 00:00:00",3146,23566.7
"2019-11-17 00:00:00",2701,53609.32
"2019-11-18 00:00:00",3066,47095.42
"2019-11-19 00:00:00",2960,44919.7
"2019-11-20 00:00:00",3021,46600.99
"2019-11-21 00:00:00",2591,40908.04
"2019-11-22 00:00:00",12453,138240.01
"2019-11-23 00:00:00",17474,102546.44
"2019-11-24 00:00:00",20256,97961.88
"2019-11-25 00:00:00",10358,83488.22
"2019-11-26 00:00:00",12258,62960.32
"2019-11-27 00:00:00",12224,97961.22
"2019-11-28 00:00:00",10187,78316.91
"2019-11-29 00:00:00",18280,95453.08
"2019-11-30 00:00:00",13480,91026.4
"2019-12-01 00:00:00",16518,86077.43
"2019-12-02 00:00:00",14097,72183.81
"2019-12-03 00:00:00",8154,86941.9
"2019-12-04 00:00:00",7684,72105.31
"2019-12-05 00:00:00",10252,160554.52
"2019-12-06 00:00:00",8098,61234.45
"2019-12-07 00:00:00",9366,59429.07
"2019-12-08 00:00:00",11020,77847.09
"2019-12-09 00:00:00",9268,113463.82
"2019-12-10 00:00:00",7876,87398.63
"2019-12-11 00:00:00",8058,78450.36
"2019-12-12 00:00:00",8365,75394.96
"2019-12-13 00:00:00",5874,48990.18
"2019-12-14 00:00:00",6284,58780.76
"2019-12-15 00:00:00",6160,53446.95
"2019-12-16 00:00:00",4957,69233.32
"2019-12-17 00:00:00",4019,58093.06
"2019-12-18 00:00:00",6255,217788.42
"2019-12-19 00:00:00",6018,109032.03
"2019-12-20 00:00:00",5063,100582.7
"2019-12-21 00:00:00",6833,86501.83
"2019-12-22 00:00:00",8386,60455.81
"2019-12-23 00:00:00",4583,76504.76
"2019-12-24 00:00:00",5034,70412.74
"2019-12-25 00:00:00",5268,63637.96
"2019-12-26 00:00:00",5601,112141.98
"2019-12-27 00:00:00",7396,81224.89
"2019-12-28 00:00:00",6797,63714.39
"2019-12-29 00:00:00",7633,81332.49
"2019-12-30 00:00:00",5338,57704.51
"2019-12-31 00:00:00",5643,54166.52
"2020-01-01 00:00:00",7474,61519.19
"2020-01-02 00:00:00",8790,68467.57
"2020-01-03 00:00:00",8286,88952.55
"2020-01-04 00:00:00",12052,139737.55
"2020-01-05 00:00:00",9628,75107.66
"2020-01-06 00:00:00",5980,109951.31
"2020-01-07 00:00:00",8082,104198.86
"2020-01-08 00:00:00",5838,82766.35
"2020-01-09 00:00:00",7171,55510.6
"2020-01-10 00:00:00",6027,64245.52
"2020-01-11 00:00:00",7221,77771.33
"2020-01-12 00:00:00",8657,59081.49
"2020-01-13 00:00:00",7598,73810.13
"2020-01-14 00:00:00",8864,81886.46
"2020-01-15 00:00:00",6792,62337.48
"2020-01-16 00:00:00",4513,61364.53
"2020-01-17 00:00:00",4909,77296.61
"2020-01-18 00:00:00",7538,81470.09
"2020-01-19 00:00:00",8403,56443.72
"2020-01-20 00:00:00",12856,67632.75
"2020-01-21 00:00:00",9015,96070.73
"2020-01-22 00:00:00",7963,92231.44
"2020-01-23 00:00:00",9353,172586.04
"2020-01-24 00:00:00",16552,78911.56
"2020-01-25 00:00:00",10738,57023.43
"2020-01-26 00:00:00",11957,72583.32
"2020-01-27 00:00:00",9331,65921.95
"2020-01-28 00:00:00",7730,86640
"2020-01-29 00:00:00",5997,77464.83
"2020-01-30 00:00:00",4884,51814.44
"2020-01-31 00:00:00",5221,80937.47
"2020-02-01 00:00:00",7390,70624.49
"2020-02-02 00:00:00",6933,77490.84
"2020-02-03 00:00:00",4384,91222.33
"2020-02-04 00:00:00",2698,84975.39
"2020-02-05 00:00:00",3084,134340.11
"2020-02-06 00:00:00",2678,114572.84
"2020-02-07 00:00:00",3065,225512.03
"2020-02-08 00:00:00",9097,88747.75
"2020-02-09 00:00:00",14292,192754.26
"2020-02-10 00:00:00",5635,146807.32
"2020-02-11 00:00:00",10914,475530
"2020-02-12 00:00:00",4778,219210.93
"2020-02-13 00:00:00",5172,156965.21
"2020-02-14 00:00:00",4146,114271
"2020-02-15 00:00:00",4477,111030.46
"2020-02-16 00:00:00",3528,138576.81
"2020-02-17 00:00:00",5056,175087.07
"2020-02-18 00:00:00",4109,194483.81
"2020-02-19 00:00:00",4037,118602.14
"2020-02-20 00:00:00",4644,111232.65
"2020-02-21 00:00:00",5621,184285.12
"2020-02-22 00:00:00",6188,118477.12
"2020-02-23 00:00:00",6481,109217.16
"2020-02-24 00:00:00",6569,146274.57
"2020-02-25 00:00:00",5200,119470.26
"2020-02-26 00:00:00",5140,101381.96
"2020-02-27 00:00:00",6036,98711.01
"2020-02-28 00:00:00",6930,118492.56
"2020-02-29 00:00:00",9272,71817.44
"2020-03-01 00:00:00",7928,123884.2
"2020-03-02 00:00:00",11474,145505.51
"2020-03-03 00:00:00",4733,127098.54
"2020-03-04 00:00:00",4759,89002.22
"2020-03-05 00:00:00",4306,68532.61
"2020-03-06 00:00:00",4878,76681.43
"2020-03-07 00:00:00",7083,69732.29
"2020-03-08 00:00:00",4166,86036.72
"2020-03-09 00:00:00",3456,65449.1
"2020-03-10 00:00:00",5895,81082.51
"2020-03-11 00:00:00",8434,72152.63
"2020-03-12 00:00:00",3452,41248.39
"2020-03-13 00:00:00",2394,49285.26
"2020-03-14 00:00:00",5092,39635.7
"2020-03-15 00:00:00",5915,42440.56
"2020-03-16 00:00:00",6205,36665.37
"2020-03-17 00:00:00",7297,56747.27
"2020-03-18 00:00:00",9546,45221.85
"2020-03-19 00:00:00",6316,93983.27
"2020-03-20 00:00:00",5615,47381.38
"2020-03-21 00:00:00",6240,57137.37
"2020-03-22 00:00:00",5566,66329.23
"2020-03-23 00:00:00",4962,56943.36
"2020-03-24 00:00:00",3761,66162.67
"2020-03-25 00:00:00",3236,46320.45
"2020-03-26 00:00:00",5601,69906.51
"2020-03-27 00:00:00",4919,50916.94
"2020-03-28 00:00:00",8488,73496.98
"2020-03-29 00:00:00",5621,49877.71
"2020-03-30 00:00:00",4962,68007.02
"2020-03-31 00:00:00",16849,513668.51
"2020-04-01 00:00:00",6667,52467.72
"2020-04-02 00:00:00",3830,53889.85
"2020-04-03 00:00:00",7155,60243.17
"2020-04-04 00:00:00",10663,76808.07
"2020-04-05 00:00:00",5823,54743.02
"2020-04-06 00:00:00",6759,45207.79
"2020-04-07 00:00:00",4067,77024.09
"2020-04-08 00:00:00",3640,70030.59
"2020-04-09 00:00:00",4041,53606.02
"2020-04-10 00:00:00",4018,148316.59
"2020-04-11 00:00:00",7427,50022.87
"2020-04-12 00:00:00",6914,46464.25
"2020-04-13 00:00:00",5272,57021.48
"2020-04-14 00:00:00",8852,47321.68
"2020-04-15 00:00:00",5115,53810.85
"2020-04-16 00:00:00",3356,88339.85
"2020-04-17 00:00:00",4067,62665.56
"2020-04-18 00:00:00",4928,123774.85
"2020-04-19 00:00:00",5264,58878.35
"2020-04-20 00:00:00",3143,56563.13
"2020-04-21 00:00:00",4148,119503.99
"2020-04-22 00:00:00",3736,97718.6
"2020-04-23 00:00:00",3857,128129.28
"2020-04-24 00:00:00",3326,75657.35
"2020-04-25 00:00:00",4715,109431.36
"2020-04-26 00:00:00",4469,103215.56
"2020-04-27 00:00:00",4483,81548.73
"2020-04-28 00:00:00",4125,55768.21
"2020-04-29 00:00:00",2729,69124.82
"2020-04-30 00:00:00",2287,99163.57
"2020-05-01 00:00:00",4041,107262.71
"2020-05-02 00:00:00",3774,143445.78
"2020-05-03 00:00:00",5235,77792.71
"2020-05-04 00:00:00",3266,61151.34
"2020-05-05 00:00:00",2895,81763.2
"2020-05-06 00:00:00",2334,60297.74
"2020-05-07 00:00:00",1986,68241.81
"2020-05-08 00:00:00",2589,87463.01
"2020-05-09 00:00:00",3309,72616.63
"2020-05-10 00:00:00",2548,51841.16
"2020-05-11 00:00:00",2628,46449.29
"2020-05-12 00:00:00",2445,39567.52
"2020-05-13 00:00:00",2367,63367.79
"2020-05-14 00:00:00",2052,86685.79
"2020-05-15 00:00:00",2686,70802.19
"2020-05-16 00:00:00",3377,93894.28
"2020-05-17 00:00:00",3569,68935.06
"2020-05-18 00:00:00",2431,84606.58
"2020-05-19 00:00:00",2292,62710.19
"2020-05-20 00:00:00",2544,111672.59
"2020-05-21 00:00:00",2325,112467.02
"2020-05-22 00:00:00",2555,124357.17
"2020-05-23 00:00:00",4856,98132.03
"2020-05-24 00:00:00",4360,265525.63
"2020-05-25 00:00:00",3402,107089.17
"2020-05-26 00:00:00",2987,107239.41
"2020-05-27 00:00:00",2829,101941.41
"2020-05-28 00:00:00",2653,87579.18
"2020-05-29 00:00:00",2668,87244
"2020-05-30 00:00:00",2330,69948.75
"2020-05-31 00:00:00",1863,83684.1
"2020-06-01 00:00:00",1749,100852.8
"2020-06-02 00:00:00",1421,84253.68
"2020-06-03 00:00:00",1586,97115.64
"2020-06-04 00:00:00",3300,146230
"2020-06-05 00:00:00",2271,95684.01
"2020-06-06 00:00:00",2997,94727.45
"2020-06-07 00:00:00",2242,71883.11
"2020-06-08 00:00:00",1970,59516.88
"2020-06-09 00:00:00",1759,82228.69
"2020-06-10 00:00:00",1745,92893.03
"2020-06-11 00:00:00",3221,131087.39
"2020-06-12 00:00:00",2238,69522
"2020-06-13 00:00:00",2324,116835.04
"2020-06-14 00:00:00",3152,108572.34
"2020-06-15 00:00:00",2086,89873.81
"2020-06-16 00:00:00",2675,109748.12
"2020-06-17 00:00:00",1525,67903.74
"2020-06-18 00:00:00",1871,168798.63
"2020-06-19 00:00:00",1592,83407.68
"2020-06-20 00:00:00",2782,52154.7
"2020-06-21 00:00:00",2947,68582.44
"2020-06-22 00:00:00",1726,69655.87
"2020-06-23 00:00:00",3345,126001.9
"2020-06-24 00:00:00",1698,72916.88
"2020-06-25 00:00:00",2696,70719.6
"2020-06-26 00:00:00",1847,59997.58
"2020-06-27 00:00:00",2076,43353.9
"2020-06-28 00:00:00",1563,71827.19
"2020-06-29 00:00:00",1460,82483.12
"2020-06-30 00:00:00",3100,140634.02
"2020-07-01 00:00:00",1891,126721.89
"2020-07-02 00:00:00",2293,106756.52
"2020-07-03 00:00:00",1946,70329.92
"2020-07-04 00:00:00",3254,79875.3
"2020-07-05 00:00:00",2498,67740.89
"2020-07-06 00:00:00",2025,76789.08
"2020-07-07 00:00:00",2057,65409.12
"2020-07-08 00:00:00",2519,100567.44
"2020-07-09 00:00:00",2925,104805.48
"2020-07-10 00:00:00",2904,114566.2
"2020-07-11 00:00:00",4117,178905.22
"2020-07-12 00:00:00",3046,113835.82
"2020-07-13 00:00:00",1675,103894.24
"2020-07-14 00:00:00",1765,109317.81
"2020-07-15 00:00:00",1866,97513.93
"2020-07-16 00:00:00",2030,77969.08
"2020-07-17 00:00:00",1639,79287.94
"2020-07-18 00:00:00",2114,68409.22
"2020-07-19 00:00:00",1447,115375.83
"2020-07-20 00:00:00",1385,109263.02
"2020-07-21 00:00:00",1576,104444.2
"2020-07-22 00:00:00",1502,140257.07
"2020-07-23 00:00:00",1435,116592.17
"2020-07-24 00:00:00",1599,122796.86
"2020-07-25 00:00:00",1741,150338.64
"2020-07-26 00:00:00",1395,117727.32
"2020-07-27 00:00:00",1029,113512.91
"2020-07-28 00:00:00",1164,109860.49
"2020-07-29 00:00:00",1142,165742.18
"2020-07-30 00:00:00",1458,154308.48
"2020-07-31 00:00:00",1115,89814.18
"2020-08-01 00:00:00",1247,93981.63
"2020-08-02 00:00:00",1332,188378.86
"2020-08-03 00:00:00",1147,137601.4
"2020-08-04 00:00:00",5348,437708.67
"2020-08-05 00:00:00",1994,141248.74
"2020-08-06 00:00:00",1685,125106.92
"2020-08-07 00:00:00",1511,121505.2
"2020-08-08 00:00:00",1790,155044.76
"2020-08-09 00:00:00",1293,149558.43
"2020-08-10 00:00:00",882,89770.42
"2020-08-11 00:00:00",813,100893.84
"2020-08-12 00:00:00",354,74249.81
"2020-08-13 00:00:00",1038,141244.86
"2020-08-14 00:00:00",1004,152056.71
"2020-08-15 00:00:00",981,160455.03
"2020-08-16 00:00:00",1249,147931.09
"2020-08-17 00:00:00",889,83099.82
"2020-08-18 00:00:00",1106,176611.34
"2020-08-19 00:00:00",995,103647.02
"2020-08-20 00:00:00",1281,121431.39
"2020-08-21 00:00:00",903,124886.11
"2020-08-22 00:00:00",1051,126066.2
"2020-08-23 00:00:00",1349,190755.57
"2020-08-24 00:00:00",1008,125453.5
"2020-08-25 00:00:00",1259,126130.03
"2020-08-26 00:00:00",1194,128004.98
"2020-08-27 00:00:00",1333,157628.87
"2020-08-28 00:00:00",1436,245419.41
"2020-08-29 00:00:00",3244,152839.83
"2020-08-30 00:00:00",2554,154746.61
"2020-08-31 00:00:00",1289,156444.37
"2020-09-01 00:00:00",239,62782.24
"2020-09-02 00:00:00",717,81789.81
"2020-09-03 00:00:00",1184,132845.35
"2020-09-04 00:00:00",1527,150532.06
"2020-09-05 00:00:00",1179,79215.31
"2020-09-06 00:00:00",1569,186184.77
"2020-09-07 00:00:00",1670,142466.37
"2020-09-08 00:00:00",1436,115925.65
"2020-09-09 00:00:00",1474,147091.96
"2020-09-10 00:00:00",1243,146609.49
"2020-09-11 00:00:00",1396,218121.3
"2020-09-12 00:00:00",1371,190362.54
"2020-09-13 00:00:00",1615,269897.98
"2020-09-14 00:00:00",1293,280851.69
"2020-09-15 00:00:00",3023,481720.24
"2020-09-16 00:00:00",2721,204235.84
"2020-09-17 00:00:00",1510,170915.03
"2020-09-18 00:00:00",3235,427464.2
"2020-09-19 00:00:00",1867,307260.38
"2020-09-20 00:00:00",2338,432434.2
"2020-09-21 00:00:00",1788,213870.48
"2020-09-22 00:00:00",5732,1463181.52
"2020-09-23 00:00:00",9758,3925821.34
"2020-09-24 00:00:00",5087,2302546.1
"2020-09-25 00:00:00",5322,1574974.69
"2020-09-26 00:00:00",3893,1517372.07
"2020-09-27 00:00:00",4014,1349616.22
"2020-09-28 00:00:00",3525,1466156.6
"2020-09-29 00:00:00",2813,820653.16
"2020-09-30 00:00:00",2546,399645.7
"2020-10-01 00:00:00",2312,420065.87
"2020-10-02 00:00:00",2451,321597.46
"2020-10-03 00:00:00",2915,466072.65
"2020-10-04 00:00:00",2604,393063.31
"2020-10-05 00:00:00",2441,375044.24
"2020-10-06 00:00:00",3260,391711.19
"2020-10-07 00:00:00",2641,379771.49
"2020-10-08 00:00:00",2523,433700.32
"2020-10-09 00:00:00",2642,416222.54
"2020-10-10 00:00:00",2470,367224.6
"2020-10-11 00:00:00",2872,342685.43
"2020-10-12 00:00:00",2368,312909.93
"2020-10-13 00:00:00",2418,276562.61
"2020-10-14 00:00:00",2700,353214.04
"2020-10-15 00:00:00",2667,488718.87
"2020-10-16 00:00:00",2399,287161.92
"2020-10-17 00:00:00",3388,474996.05
"2020-10-18 00:00:00",3129,363309.32
"2020-10-19 00:00:00",2673,439368.15
"2020-10-20 00:00:00",2175,219139.66
"2020-10-21 00:00:00",1970,322061.18
"2020-10-22 00:00:00",2085,498979.3
"2020-10-23 00:00:00",3026,262781.72
"2020-10-24 00:00:00",4693,416279.37
"2020-10-25 00:00:00",5529,364779.86
"2020-10-26 00:00:00",3713,310566.49
"2020-10-27 00:00:00",4131,214969.19
"2020-10-28 00:00:00",3177,272161.52
"2020-10-29 00:00:00",3492,258049.77
"2020-10-30 00:00:00",3584,249210.29
"2020-10-31 00:00:00",4725,301764.92
"2020-11-01 00:00:00",3076,361635.21
"2020-11-02 00:00:00",2428,225067.5
"2020-11-03 00:00:00",2566,336385.51
"2020-11-04 00:00:00",2644,274529.56
"2020-11-05 00:00:00",2460,218490.01
"2020-11-06 00:00:00",2234,452995.38
"2020-11-07 00:00:00",2645,310864.3
"2020-11-08 00:00:00",3649,320305.93
"2020-11-09 00:00:00",2756,246748.61
"2020-11-10 00:00:00",3046,367261.04
"2020-11-11 00:00:00",3080,414586.94
"2020-11-12 00:00:00",16982,1008218.67
"2020-11-13 00:00:00",3388,455482.84
"2020-11-14 00:00:00",4109,456755.3
"2020-11-15 00:00:00",3883,376898.17
"2020-11-16 00:00:00",3108,329060.06
"2020-11-17 00:00:00",2417,282802.63
"2020-11-18 00:00:00",2575,313155.31
"2020-11-19 00:00:00",3133,374990.61
"2020-11-20 00:00:00",2419,274353.95
"2020-11-21 00:00:00",2451,652343.85
"2020-11-22 00:00:00",2593,360013.21
"2020-11-23 00:00:00",1874,307659.87
"2020-11-24 00:00:00",1678,210757.44
"2020-11-25 00:00:00",2180,215930.1
"2020-11-26 00:00:00",1927,225563.43
"2020-11-27 00:00:00",4557,346281.16
"2020-11-28 00:00:00",4229,347417.35
"2020-11-29 00:00:00",3574,462397.82
"2020-11-30 00:00:00",1802,269555.71
"2020-12-01 00:00:00",2161,167046.05
"2020-12-02 00:00:00",2917,508926.34
"2020-12-03 00:00:00",2518,238535.19
"2020-12-04 00:00:00",3018,471378.27
"2020-12-05 00:00:00",3436,332622.36
"2020-12-06 00:00:00",3740,387857.74
"2020-12-07 00:00:00",2809,243230.17
"2020-12-08 00:00:00",2474,307874.04
"2020-12-09 00:00:00",2220,191216.22
"2020-12-10 00:00:00",2754,224288.07
"2020-12-11 00:00:00",8251,698189.22
"2020-12-12 00:00:00",3912,297566.01
"2020-12-13 00:00:00",3175,407792.3
"2020-12-14 00:00:00",2567,255937.95
"2020-12-15 00:00:00",2161,186430.27
"2020-12-16 00:00:00",1896,231478.63
"2020-12-17 00:00:00",1255,251754.26
"2020-12-18 00:00:00",2466,293737.97
"2020-12-19 00:00:00",2835,332659
"2020-12-20 00:00:00",3199,543289.53
"2020-12-21 00:00:00",2218,359705.64
"2020-12-22 00:00:00",2865,538625.11
"2020-12-23 00:00:00",2085,314797.47
"2020-12-24 00:00:00",2480,381611.98
"2020-12-25 00:00:00",1953,389308.99
"2020-12-26 00:00:00",2299,401981.62
"2020-12-27 00:00:00",2254,390376.62
"2020-12-28 00:00:00",1709,226524.45
"2020-12-29 00:00:00",1887,250730.61
"2020-12-30 00:00:00",1611,356999.99
"2020-12-31 00:00:00",1712,257635.01
"2021-01-01 00:00:00",3587,457013.32
"2021-01-02 00:00:00",2192,275656.86
"2021-01-03 00:00:00",1213,327400.88
"2021-01-04 00:00:00",1413,362923.62
"2021-01-05 00:00:00",1483,619879.79
"2021-01-06 00:00:00",1624,979276.75
"2021-01-07 00:00:00",1319,483737.23
"2021-01-08 00:00:00",2141,595110.75
"2021-01-09 00:00:00",1953,549650.11
"2021-01-10 00:00:00",1829,847262.19
"2021-01-11 00:00:00",1302,291449.94
"2021-01-12 00:00:00",1689,311377.02
"2021-01-13 00:00:00",2477,571585.54
"2021-01-14 00:00:00",2776,469767.05
"2021-01-15 00:00:00",2470,447448.79
"2021-01-16 00:00:00",3427,684066.46
"2021-01-17 00:00:00",2017,554084.1
"2021-01-18 00:00:00",2026,738072.96
"2021-01-19 00:00:00",1627,528944.73
"2021-01-20 00:00:00",2222,625428.9
"2021-01-21 00:00:00",2236,589883.76
"2021-01-22 00:00:00",2300,635686.2
"2021-01-23 00:00:00",2199,1498096.67
"2021-01-24 00:00:00",2383,1126780.81
"2021-01-25 00:00:00",1836,731206.17
"2021-01-26 00:00:00",3049,823630.14
"2021-01-27 00:00:00",2265,1147761.95
"2021-01-28 00:00:00",1619,779207.53
"2021-01-29 00:00:00",2958,1234988.41
"2021-01-30 00:00:00",6294,3122316.84
"2021-01-31 00:00:00",8315,6757054.41
"2021-02-01 00:00:00",5601,7911414.9
"2021-02-02 00:00:00",3710,6857270.14
"2021-02-03 00:00:00",2357,3375425.48
"2021-02-04 00:00:00",1922,3691924.82
"2021-02-05 00:00:00",1537,2112384.3
"2021-02-06 00:00:00",2956,3017062.5
"2021-02-07 00:00:00",2471,2495873.93
"2021-02-08 00:00:00",1762,3999445.44
"2021-02-09 00:00:00",1487,2808911.15
"2021-02-10 00:00:00",1056,1801156.45
"2021-02-11 00:00:00",3593,3752327.17
"2021-02-12 00:00:00",2997,2077838.46
"2021-02-13 00:00:00",3215,4642530.61
"2021-02-14 00:00:00",3594,7558502.51
"2021-02-15 00:00:00",3523,6294484.3
"2021-02-16 00:00:00",4738,8908436.73
"2021-02-17 00:00:00",4097,10073987.53
"2021-02-18 00:00:00",3534,10429516.98
"2021-02-19 00:00:00",3770,13015946.34
"2021-02-20 00:00:00",3300,8426078.9
"2021-02-21 00:00:00",5996,17053477.23
"2021-02-22 00:00:00",3706,16047801.38
"2021-02-23 00:00:00",2489,6485229.3
"2021-02-24 00:00:00",5311,7913501.37
"2021-02-25 00:00:00",5558,5770492.77
"2021-02-26 00:00:00",8412,6401199.81
"2021-02-27 00:00:00",11663,8886306.55
"2021-02-28 00:00:00",6523,7144555.07
"2021-03-01 00:00:00",13635,10156666.53
"2021-03-02 00:00:00",9591,11399180.55
"2021-03-03 00:00:00",6704,9488554.82
"2021-03-04 00:00:00",6589,7359190.39
"2021-03-05 00:00:00",8054,8413756.4
"2021-03-06 00:00:00",7423,6231394.83
"2021-03-07 00:00:00",9961,6913905.41
"2021-03-08 00:00:00",10106,10610359.16
"2021-03-09 00:00:00",8412,10964134.27
"2021-03-10 00:00:00",11986,9455662.62
"2021-03-11 00:00:00",7866,29600022.29
"2021-03-12 00:00:00",7288,16719318.64
"2021-03-13 00:00:00",11122,15704648.69
"2021-03-14 00:00:00",9248,15235292.92
"2021-03-15 00:00:00",7328,10475844.99
"2021-03-16 00:00:00",9174,10414532.25
"2021-03-17 00:00:00",9574,11996130.72
"2021-03-18 00:00:00",10000,10360512.73
"2021-03-19 00:00:00",10123,7961582.09
"2021-03-20 00:00:00",9167,9988284.16
"2021-03-21 00:00:00",13443,13170737.51
"2021-03-22 00:00:00",7442,7998382.27
"2021-03-23 00:00:00",7238,7020194.12
"2021-03-24 00:00:00",5327,7171242.13
"2021-03-25 00:00:00",5148,5431170.48
"2021-03-26 00:00:00",8383,6862076.79
"2021-03-27 00:00:00",7143,6601646.4
"2021-03-28 00:00:00",6843,7366108.94
"2021-03-29 00:00:00",6341,7170459.11
"2021-03-30 00:00:00",5193,8417109.29
"2021-03-31 00:00:00",4548,6277484.28
"2021-04-01 00:00:00",4605,7524394.21
"2021-04-02 00:00:00",3954,5559614.94
"2021-04-03 00:00:00",5639,5978155.36
"2021-04-04 00:00:00",6485,4467009.42
"2021-04-05 00:00:00",5557,6414854.62
"2021-04-06 00:00:00",4741,5282055.31
"2021-04-07 00:00:00",8439,4362636.49
"2021-04-08 00:00:00",6218,13808981.35
"2021-04-09 00:00:00",6110,10580896.6
"2021-04-10 00:00:00",6759,7607233.22
"2021-04-11 00:00:00",7148,25344175.59
"2021-04-12 00:00:00",5409,7678355.62
"2021-04-13 00:00:00",5446,8830681.47
"2021-04-14 00:00:00",7334,14675957.27
"2021-04-15 00:00:00",5166,10255435.24
"2021-04-16 00:00:00",5397,12825480.9
"2021-04-17 00:00:00",5735,7477471.28
"2021-04-18 00:00:00",4966,5973402.78
"2021-04-19 00:00:00",3790,6616630.81
"2021-04-20 00:00:00",2766,5593325.44
"2021-04-21 00:00:00",3804,5865422.92
"2021-04-22 00:00:00",5332,6036201.38
"2021-04-23 00:00:00",5913,5888518.73
"2021-04-24 00:00:00",5373,4425920.81
"2021-04-25 00:00:00",5791,3270980.04
"2021-04-26 00:00:00",5865,4922796.47
"2021-04-27 00:00:00",7503,9828243.62
"2021-04-28 00:00:00",5933,6070305.86
"2021-04-29 00:00:00",5447,4447972.54
"2021-04-30 00:00:00",6873,6451613.36
"2021-05-01 00:00:00",17365,10130272.66
"2021-05-02 00:00:00",8133,11196874.44
"2021-05-03 00:00:00",16380,107477348.75
"2021-05-04 00:00:00",8395,31762695.11
"2021-05-05 00:00:00",7024,15379438
"2021-05-06 00:00:00",6821,11186575.64
"2021-05-07 00:00:00",6396,8443866.86
"2021-05-08 00:00:00",4212,11624365.33
"2021-05-09 00:00:00",5100,10185355.06
"2021-05-10 00:00:00",2496,7912425
"2021-05-11 00:00:00",5026,12076501.86
"2021-05-12 00:00:00",6134,22891833.53
"2021-05-13 00:00:00",9337,14199984.97
"2021-05-14 00:00:00",8553,14257422.35
"2021-05-15 00:00:00",8303,8813721.69
"2021-05-16 00:00:00",8856,7820707.12
"2021-05-17 00:00:00",7818,4820295.57
"2021-05-18 00:00:00",8341,6242242.1
"2021-05-19 00:00:00",6325,3353894.91
"2021-05-20 00:00:00",9210,4140403.35
"2021-05-21 00:00:00",9525,4828518.57
"2021-05-22 00:00:00",14143,7004779.49
"2021-05-23 00:00:00",13166,4665005.18
"2021-05-24 00:00:00",9991,6196127.53
"2021-05-25 00:00:00",10493,4918528.08
"2021-05-26 00:00:00",9844,5226813.18
"2021-05-27 00:00:00",12081,7546443.71
"2021-05-28 00:00:00",12407,6711498.66
"2021-05-29 00:00:00",13112,6495151.05
"2021-05-30 00:00:00",13735,6215826.96
"2021-05-31 00:00:00",16543,6949383.9
"2021-06-01 00:00:00",18424,9002104.48
"2021-06-02 00:00:00",13154,6212349.01
"2021-06-03 00:00:00",12443,6073515.58
"2021-06-04 00:00:00",14276,6286193.19
"2021-06-05 00:00:00",14083,6405037.23
"2021-06-06 00:00:00",14427,7415429.62
"2021-06-07 00:00:00",13926,8998145.38
"2021-06-08 00:00:00",15404,7801974.14
"2021-06-09 00:00:00",16199,6653853.95
"2021-06-10 00:00:00",17527,7495037.04
"2021-06-11 00:00:00",25424,13271745.78
"2021-06-12 00:00:00",17498,6571927.38
"2021-06-13 00:00:00",17816,6318725.91
"2021-06-14 00:00:00",20701,7949581.14
"2021-06-15 00:00:00",27664,12184518.04
"2021-06-16 00:00:00",20524,8683840.54
"2021-06-17 00:00:00",20674,9161980.24
"2021-06-18 00:00:00",32567,9083320.23
"2021-06-19 00:00:00",34101,10876507.31
"2021-06-20 00:00:00",40168,17044651.39
"2021-06-21 00:00:00",38629,16027307.27
"2021-06-22 00:00:00",23510,9556952.9
"2021-06-23 00:00:00",22794,10275796.3
"2021-06-24 00:00:00",28434,11362278.27
"2021-06-25 00:00:00",34550,15850809.69
"2021-06-26 00:00:00",33471,13529118.2
"2021-06-27 00:00:00",59676,15938434.33
"2021-06-28 00:00:00",35194,14576663.39
"2021-06-29 00:00:00",44271,15503213.42
"2021-06-30 00:00:00",68256,19104506.64
"2021-07-01 00:00:00",51670,16992740.59
"2021-07-02 00:00:00",38832,16246266.07
"2021-07-03 00:00:00",44341,17742724.56
"2021-07-04 00:00:00",39403,21913247.03
"2021-07-05 00:00:00",45341,20906951.44
"2021-07-06 00:00:00",41275,22481680.58
"2021-07-07 00:00:00",42408,23915178.88
"2021-07-08 00:00:00",53444,25959307.52
"2021-07-09 00:00:00",41185,24449352.53
"2021-07-10 00:00:00",40943,22644141.77
"2021-07-11 00:00:00",38984,21471039.63
"2021-07-12 00:00:00",28334,17748351.55
"2021-07-13 00:00:00",34111,21104068.17
"2021-07-14 00:00:00",40134,26383424.41
"2021-07-15 00:00:00",85049,48037325.87
"2021-07-16 00:00:00",90774,42891714.35
"2021-07-17 00:00:00",65418,37364353.08
"2021-07-18 00:00:00",51412,25455248.74
"2021-07-19 00:00:00",55920,27935973.49
"2021-07-20 00:00:00",64717,25737699.45
"2021-07-21 00:00:00",54291,25049173.98
"2021-07-22 00:00:00",62706,25112491.48
"2021-07-23 00:00:00",86458,40513188.82
"2021-07-24 00:00:00",72478,37107513.25
"2021-07-25 00:00:00",80038,40751727.83
"2021-07-26 00:00:00",66001,39576730.07
"2021-07-27 00:00:00",70958,34995050.98
"2021-07-28 00:00:00",95586,42578311.78
"2021-07-29 00:00:00",109354,54196367.69
"2021-07-30 00:00:00",109497,79118703.95
"2021-07-31 00:00:00",112990,107902287.62
"2021-08-01 00:00:00",108403,113820819.76
"2021-08-02 00:00:00",114371,62301633.33
"2021-08-03 00:00:00",134405,85796351.94
"2021-08-04 00:00:00",125024,115777415.73
"2021-08-05 00:00:00",144848,120047440.42
"2021-08-06 00:00:00",171549,147948005.56
"2021-08-07 00:00:00",178252,105991170.99
"2021-08-08 00:00:00",190298,120296586.43
"2021-08-09 00:00:00",203000,124192049.59
"2021-08-10 00:00:00",179170,109706661.33
"2021-08-11 00:00:00",170649,104038898.59
"2021-08-12 00:00:00",161119,88978165.98
"2021-08-13 00:00:00",162842,89277218.88
"2021-08-14 00:00:00",153278,97177404.4
"2021-08-15 00:00:00",179986,98100028.82
"2021-08-16 00:00:00",176321,82730228.5
"2021-08-17 00:00:00",168696,77062612.96
"2021-08-18 00:00:00",141916,79910132.39
"2021-08-19 00:00:00",140668,66915379.47
"2021-08-20 00:00:00",140888,114176141.79
"2021-08-21 00:00:00",172471,145508035.66
"2021-08-22 00:00:00",142636,139216311.79
"2021-08-23 00:00:00",142696,283666632.5
"2021-08-24 00:00:00",162147,226528538.49
"2021-08-25 00:00:00",152848,183941305.01
"2021-08-26 00:00:00",182170,172773106.08
"2021-08-27 00:00:00",209445,248109050.91
"2021-08-28 00:00:00",178978,378413570.83
"2021-08-29 00:00:00",184185,427569989.52
"2021-08-30 00:00:00",162944,259680798.27
"2021-08-31 00:00:00",177071,187094245.87
"2021-09-01 00:00:00",157832,182378449.93
"2021-09-02 00:00:00",129782,160138270.72
"2021-09-03 00:00:00",134408,160499286.27
"2021-09-04 00:00:00",144185,133220051.92
"2021-09-05 00:00:00",156714,120936412.98
"2021-09-06 00:00:00",161538,122591291.32
"2021-09-07 00:00:00",147452,103436840.2
"2021-09-08 00:00:00",144634,91625985.85
"2021-09-09 00:00:00",166701,104683239.4
"2021-09-10 00:00:00",138914,75529545.5
"2021-09-11 00:00:00",157442,67931955.32
"2021-09-12 00:00:00",157939,69860254.03
"2021-09-13 00:00:00",135850,98449709.11
"2021-09-14 00:00:00",143867,91337923.41
"2021-09-15 00:00:00",168970,108027569.52
"2021-09-16 00:00:00",154797,138840985.69
"2021-09-17 00:00:00",155389,80680605.36
"2021-09-18 00:00:00",182152,98856964.24
"2021-09-19 00:00:00",144348,86865013.73
"2021-09-20 00:00:00",154527,71604061.96
"2021-09-21 00:00:00",151479,73742832.51
"2021-09-22 00:00:00",149925,62516766.33
"2021-09-23 00:00:00",173980,103960353.1
"2021-09-24 00:00:00",180804,88552350
"2021-09-25 00:00:00",176620,85946064.56
"2021-09-26 00:00:00",175802,99020338.34
"2021-09-27 00:00:00",180536,134582996.54
"2021-09-28 00:00:00",149862,121942764.09
"2021-09-29 00:00:00",164616,90296106.1
"2021-09-30 00:00:00",156626,113922604.34
"2021-10-01 00:00:00",178343,116566952.66
"2021-10-02 00:00:00",167048,108899427.8
"2021-10-03 00:00:00",164837,127301109.46
"2021-10-04 00:00:00",193872,161767427.04
"2021-10-05 00:00:00",154361,135953855.76
"2021-10-06 00:00:00",153261,119478298.56
"2021-10-07 00:00:00",177616,139181769.08
"2021-10-08 00:00:00",185039,129853620.52
"2021-10-09 00:00:00",151233,92638539.16
"2021-10-10 00:00:00",166142,100531586.96
"2021-10-11 00:00:00",164521,90814507.44
"2021-10-12 00:00:00",168986,95426126.78
"2021-10-13 00:00:00",176035,127692548.44
"2021-10-14 00:00:00",141480,103165509.2
"2021-10-15 00:00:00",129416,114299528.55
"2021-10-16 00:00:00",157187,102405563.86
"2021-10-17 00:00:00",163539,109062324.15
"2021-10-18 00:00:00",184184,129241871.24
"2021-10-19 00:00:00",139689,85395687.73
"2021-10-20 00:00:00",145437,80577786.59
"2021-10-21 00:00:00",149293,95971281.1
"2021-10-22 00:00:00",168651,109754321.58
"2021-10-23 00:00:00",164819,105850254.06
"2021-10-24 00:00:00",132805,81025632.25
"2021-10-25 00:00:00",136460,81838822.82
"2021-10-26 00:00:00",135145,74752657.81
"2021-10-27 00:00:00",132694,71646047.64
"2021-10-28 00:00:00",126266,86030903.42
"2021-10-29 00:00:00",123284,87932934.15
"2021-10-30 00:00:00",117270,72410379.19
"2021-10-31 00:00:00",122729,72058617.89
"2021-11-01 00:00:00",119448,69393500.75
"2021-11-02 00:00:00",146436,80786715.43
"2021-11-03 00:00:00",148292,84974936.14
"2021-11-04 00:00:00",156509,90115763.38
"2021-11-05 00:00:00",204119,94524699.92
"2021-11-06 00:00:00",182938,84479155.35
"2021-11-07 00:00:00",170627,91392341.85
"2021-11-08 00:00:00",182256,114377113.24
"2021-11-09 00:00:00",160885,79012659.12
"2021-11-10 00:00:00",179708,88983640.15
"2021-11-11 00:00:00",176858,85079276.93
"2021-11-12 00:00:00",158456,86293464.41
"2021-11-13 00:00:00",178662,144022445.69
"2021-11-14 00:00:00",156227,142548204.36
"2021-11-15 00:00:00",120223,137585089.34
"2021-11-16 00:00:00",117673,130750265.84
"2021-11-17 00:00:00",152124,132201787.18
"2021-11-18 00:00:00",194178,121957873.19
"2021-11-19 00:00:00",186469,111529698.01
"2021-11-20 00:00:00",185701,112172107.6
"2021-11-21 00:00:00",162893,113138171.88
"2021-11-22 00:00:00",188702,137531726.72
"2021-11-23 00:00:00",175248,101748376.98
"2021-11-24 00:00:00",176612,113910048.69
"2021-11-25 00:00:00",165336,112151156.95
"2021-11-26 00:00:00",144891,83774674.68
"2021-11-27 00:00:00",157622,90912125.08
"2021-11-28 00:00:00",178233,106366808.98
"2021-11-29 00:00:00",168095,122472888.16
"2021-11-30 00:00:00",161655,105743744.86
"2021-12-01 00:00:00",145002,95795294.51
"2021-12-02 00:00:00",155250,96682868.78
"2021-12-03 00:00:00",131847,92038485.51
"2021-12-04 00:00:00",158957,76539872.31
"2021-12-05 00:00:00",144202,84283308.75
"2021-12-06 00:00:00",137830,82666991.3
"2021-12-07 00:00:00",135705,86511894.24
"2021-12-08 00:00:00",179805,88151757.54
"2021-12-09 00:00:00",105613,106116973.76
"2021-12-10 00:00:00",110700,86027438.08
"2021-12-11 00:00:00",122086,99888482.56
"2021-12-12 00:00:00",110946,79722927.89
"2021-12-13 00:00:00",104428,131525823.66
"2021-12-14 00:00:00",100605,117067189.63
"2021-12-15 00:00:00",103816,86269785.65
"2021-12-16 00:00:00",98755,99100564.02
"2021-12-17 00:00:00",94374,88679844.04
"2021-12-18 00:00:00",92572,72098490.17
"2021-12-19 00:00:00",85001,56082805.08
"2021-12-20 00:00:00",89351,56161093.69
"2021-12-21 00:00:00",79239,58943985.9
"2021-12-22 00:00:00",95876,69611709.35
"2021-12-23 00:00:00",96972,80784785.67
"2021-12-24 00:00:00",82017,85855690
"2021-12-25 00:00:00",62130,55871670.12
"2021-12-26 00:00:00",87658,91595334.61
"2021-12-27 00:00:00",91309,114428905.28
"2021-12-28 00:00:00",94395,97183780.92
"2021-12-29 00:00:00",82350,92658110.4
"2021-12-30 00:00:00",111754,102236122.84
"2021-12-31 00:00:00",81643,109781595.56
"2022-01-01 00:00:00",72965,130282973.58
"2022-01-02 00:00:00",83710,172195334.18
"2022-01-03 00:00:00",86851,160013807.52
"2022-01-04 00:00:00",102158,165882960.27
"2022-01-05 00:00:00",116601,139956303.57
"2022-01-06 00:00:00",107543,125440622.37
"2022-01-07 00:00:00",107851,107673247.72
"2022-01-08 00:00:00",108264,119462108.86
"2022-01-09 00:00:00",116247,149060187.89
"2022-01-10 00:00:00",83205,98485453.22
"2022-01-11 00:00:00",107844,101431607.19
"2022-01-12 00:00:00",103411,158982761.22
"2022-01-13 00:00:00",117294,132957107.48
"2022-01-14 00:00:00",104073,133083388.28
"2022-01-15 00:00:00",120034,140593676.99
"2022-01-16 00:00:00",158285,154171595.14
"2022-01-17 00:00:00",120868,107363970.87
"2022-01-18 00:00:00",100182,101097950.37
"2022-01-19 00:00:00",138698,160549265.38
"2022-01-20 00:00:00",154562,188220575.57
"2022-01-21 00:00:00",108818,148851652.72
"2022-01-22 00:00:00",82923,90844049.26
"2022-01-23 00:00:00",102808,106470518.93
"2022-01-24 00:00:00",97137,91169176.23
"2022-01-25 00:00:00",111193,189396761.14
"2022-01-26 00:00:00",112944,199580505.32
"2022-01-27 00:00:00",119414,194715423.87
"2022-01-28 00:00:00",100540,135787931.08
"2022-01-29 00:00:00",115498,151653557.97
"2022-01-30 00:00:00",112812,185511016.72
"2022-01-31 00:00:00",103012,202527361.9
"2022-02-01 00:00:00",118738,208178917.29
"2022-02-02 00:00:00",119128,155047892.44
"2022-02-03 00:00:00",108990,137770800.8
"2022-02-04 00:00:00",107801,134517900
"2022-02-05 00:00:00",80280,100214945.47
"2022-02-06 00:00:00",98296,88897055.12
"2022-02-07 00:00:00",107935,127542088.97
"2022-02-08 00:00:00",108554,90819152.59
"2022-02-09 00:00:00",115957,106683922.97
"2022-02-10 00:00:00",114034,111909900.97
"2022-02-11 00:00:00",97891,109682342.35
"2022-02-12 00:00:00",100548,236092309.21
"2022-02-13 00:00:00",89703,195048949.16
"2022-02-14 00:00:00",74932,80308762.81
"2022-02-15 00:00:00",73690,87867328.56
"2022-02-16 00:00:00",66463,80882387.72
"2022-02-17 00:00:00",72114,66736748.07
"2022-02-18 00:00:00",65290,67308164.79
"2022-02-19 00:00:00",75819,55799515.43
"2022-02-20 00:00:00",73544,64691811.33
"2022-02-21 00:00:00",86315,84840198.22
"2022-02-22 00:00:00",89753,81323385.08
"2022-02-23 00:00:00",99520,102666301.73
"2022-02-24 00:00:00",63737,87202173.56
"2022-02-25 00:00:00",66318,83009467.2
"2022-02-26 00:00:00",72691,69084330.87
"2022-02-27 00:00:00",59013,73533312.89
"2022-02-28 00:00:00",70006,53171363.99
"2022-03-01 00:00:00",63229,42640063.44
"2022-03-02 00:00:00",68238,57639506.6
"2022-03-03 00:00:00",60297,53276547.92
"2022-03-04 00:00:00",65594,62992327.08
"2022-03-05 00:00:00",68201,52319544.16
"2022-03-06 00:00:00",48295,35531242.42
"2022-03-07 00:00:00",50417,42370158.9
"2022-03-08 00:00:00",44563,46416787.69
"2022-03-09 00:00:00",48815,40963843.29
"2022-03-10 00:00:00",44953,40293807.32
"2022-03-11 00:00:00",44689,61303700.56
"2022-03-12 00:00:00",42854,59803482.32
"2022-03-13 00:00:00",46531,51177931.02
"2022-03-14 00:00:00",40566,36782563.33
"2022-03-15 00:00:00",46163,43757509.73
"2022-03-16 00:00:00",39583,64433558.4
"2022-03-17 00:00:00",42827,125048420.54
"2022-03-18 00:00:00",38426,98876939.78
"2022-03-19 00:00:00",37669,99493408.73
"2022-03-20 00:00:00",40682,69272964.81
"2022-03-21 00:00:00",40052,60274174.58
"2022-03-22 00:00:00",39192,49302284.85
"2022-03-23 00:00:00",42827,60938304.14
"2022-03-24 00:00:00",43021,74520358.96
"2022-03-25 00:00:00",48431,66293113.81
"2022-03-26 00:00:00",31492,55656451.57
"2022-03-27 00:00:00",37117,55876477.65
"2022-03-28 00:00:00",46051,53269549.02
"2022-03-29 00:00:00",35695,49584488.26
"2022-03-30 00:00:00",27131,68960531.35
"2022-03-31 00:00:00",24757,71668976.05
"2022-04-01 00:00:00",23541,82730285.83
"2022-04-02 00:00:00",30745,114705705.05
"2022-04-03 00:00:00",36545,128551094.32
"2022-04-04 00:00:00",39527,104491115.09
"2022-04-05 00:00:00",31250,78079511.79
"2022-04-06 00:00:00",59834,59496589.9
"2022-04-07 00:00:00",56876,72135641.02
"2022-04-08 00:00:00",45091,48973039.36
"2022-04-09 00:00:00",40395,53212469.78
"2022-04-10 00:00:00",36943,47838476.87
"2022-04-11 00:00:00",32324,45621665.13
"2022-04-12 00:00:00",31388,45484967.91
"2022-04-13 00:00:00",36266,59081304.16
"2022-04-14 00:00:00",44272,61306826.08
"2022-04-15 00:00:00",37222,48452972.22
"2022-04-16 00:00:00",46237,212449466.86
"2022-04-17 00:00:00",35719,115821274.1
"2022-04-18 00:00:00",42438,104998078.63
"2022-04-19 00:00:00",38725,101623019.07
"2022-04-20 00:00:00",34212,98000918.44
"2022-04-21 00:00:00",34812,103806377.18
"2022-04-22 00:00:00",37979,85692381.14
"2022-04-23 00:00:00",44738,87863397.73
"2022-04-24 00:00:00",44966,101102225.56
"2022-04-25 00:00:00",43978,110077124.95
"2022-04-26 00:00:00",54364,101807585.91
"2022-04-27 00:00:00",61039,83207904.57
"2022-04-28 00:00:00",60331,94987786.75
"2022-04-29 00:00:00",43192,90955824.61
"2022-04-30 00:00:00",54136,99626020.96
"2022-05-01 00:00:00",121762,811137361.15
"2022-05-02 00:00:00",111066,289436178.47
"2022-05-03 00:00:00",87337,147206869.6
"2022-05-04 00:00:00",57577,161249151.43
"2022-05-05 00:00:00",65173,198437706.12
"2022-05-06 00:00:00",56828,124204379.85
"2022-05-07 00:00:00",54038,94068223.43
"2022-05-08 00:00:00",41073,57405768.5
"2022-05-09 00:00:00",39272,83304670.95
"2022-05-10 00:00:00",43881,131260869.36
"2022-05-11 00:00:00",30903,78385739.03
"2022-05-12 00:00:00",28825,64035236.22
"2022-05-13 00:00:00",32778,79454907.35
"2022-05-14 00:00:00",31561,64812714.36
"2022-05-15 00:00:00",27414,35781799.25
"2022-05-16 00:00:00",27860,34072009.38
"2022-05-17 00:00:00",27735,34640151.85
"2022-05-18 00:00:00",30532,38779800.49
"2022-05-19 00:00:00",35900,37616693.05
"2022-05-20 00:00:00",49395,48956349.38
"2022-05-21 00:00:00",53131,34032685.59
"2022-05-22 00:00:00",42918,35355525.12
"2022-05-23 00:00:00",31923,34305822.07
"2022-05-24 00:00:00",28307,29451198.05
"2022-05-25 00:00:00",50023,35348233.42
"2022-05-26 00:00:00",38686,43158737.1
"2022-05-27 00:00:00",30835,34288627.6
"2022-05-28 00:00:00",30995,26541753.25
"2022-05-29 00:00:00",27320,28681746.19
"2022-05-30 00:00:00",23498,30758453.52
"2022-05-31 00:00:00",30008,41842943.3
"2022-06-01 00:00:00",25603,40854531.56
"2022-06-02 00:00:00",28481,32551021.9
"2022-06-03 00:00:00",50990,37557861.99
"2022-06-04 00:00:00",30429,34128972.37
"2022-06-05 00:00:00",37416,30986165.49
"2022-06-06 00:00:00",31052,35721796.57
"2022-06-07 00:00:00",36285,40713284.26
"2022-06-08 00:00:00",33233,43908679.43
"2022-06-09 00:00:00",25119,33867051.2
"2022-06-10 00:00:00",23743,33778649.73
"2022-06-11 00:00:00",22618,34278904.65
"2022-06-12 00:00:00",21717,32443845.34
"2022-06-13 00:00:00",23410,39501026.25
"2022-06-14 00:00:00",27257,39862110.82
"2022-06-15 00:00:00",25320,31875114.8
"2022-06-16 00:00:00",21800,29690503.36
"2022-06-17 00:00:00",22454,26502196
"2022-06-18 00:00:00",29081,33896655.13
"2022-06-19 00:00:00",24453,37227756.43
"2022-06-20 00:00:00",24985,35909075.89
"2022-06-21 00:00:00",22795,33964366.62
"2022-06-22 00:00:00",26176,35029644.4
"2022-06-23 00:00:00",28488,28650515.45
"2022-06-24 00:00:00",28482,34100283.91
"2022-06-25 00:00:00",34772,34601883.23
"2022-06-26 00:00:00",22898,35973819.18
"2022-06-27 00:00:00",22571,32152464.32
"2022-06-28 00:00:00",24037,38301879.84
"2022-06-29 00:00:00",33564,29235082.57
"2022-06-30 00:00:00",30389,28790776.79
"2022-07-01 00:00:00",35897,30270326.64
"2022-07-02 00:00:00",35193,25245509.81
"2022-07-03 00:00:00",52460,34317522.71
"2022-07-04 00:00:00",61353,29188172.48
"2022-07-05 00:00:00",49044,27928838.58
"2022-07-06 00:00:00",45321,30032304.48
"2022-07-07 00:00:00",43646,34082292.18
"2022-07-08 00:00:00",40568,31349263.12
"2022-07-09 00:00:00",34714,33309471.16
"2022-07-10 00:00:00",30488,29301679.81
"2022-07-11 00:00:00",31492,28869654.26
"2022-07-12 00:00:00",30198,31221321.71
"2022-07-13 00:00:00",34375,34056991.39
"2022-07-14 00:00:00",35222,27044651.31
"2022-07-15 00:00:00",31236,37079697.2
"2022-07-16 00:00:00",31300,34813869.12
"2022-07-17 00:00:00",27942,39160159.75
"2022-07-18 00:00:00",29131,37612210.55
"2022-07-19 00:00:00",24396,24601487.06